step,train_loss,val_loss,lr,grad_norm
0,0.841910,,1.00e-05,0.2903
100,0.795089,,1.00e-05,0.0281
0,0.846825,,1.00e-05,0.3037
100,0.797969,,1.00e-05,0.0252
200,0.790573,,1.01e-05,0.0404
300,0.767246,,1.51e-05,0.0625
400,0.737541,,2.01e-05,0.0969
500,0.702476,,2.51e-05,0.1402
600,0.666119,,3.01e-05,0.1600
700,0.645411,,3.51e-05,0.1910
800,0.605921,,4.01e-05,0.2748
900,0.581993,,4.50e-05,0.3151
1000,0.546850,,5.01e-05,0.3507
1100,0.542132,,5.51e-05,0.4179
1200,0.500478,,6.01e-05,0.4899
1300,0.469316,,6.50e-05,0.5181
1400,0.465391,,7.00e-05,0.6298
1500,0.432088,,7.51e-05,0.5702
1600,0.407633,,8.01e-05,0.6007
1700,0.402236,,8.51e-05,0.6725
1800,0.391362,,9.01e-05,0.5033
1900,0.331316,,9.51e-05,0.5584
2000,0.386057,,1.00e-04,0.6491
2000,,0.322321,,
2100,0.291686,,1.00e-04,0.6130
2200,0.354106,,1.00e-04,0.5836
2300,0.381170,,1.00e-04,0.6093
2400,0.311197,,1.00e-04,0.6968
2500,0.319317,,1.00e-04,0.6373
2600,0.285286,,1.00e-04,0.5308
2700,0.292876,,1.00e-04,0.5953
2800,0.232116,,1.00e-04,0.5024
2900,0.259694,,1.00e-04,0.6037
3000,0.271790,,1.00e-04,0.5783
3100,0.253410,,1.00e-04,0.6156
3200,0.258222,,1.00e-04,0.6130
3300,0.225964,,1.00e-04,0.6415
3400,0.264007,,1.00e-04,0.6084
3500,0.202003,,1.00e-04,0.5575
3600,0.247140,,1.00e-04,0.5616
3700,0.204274,,1.00e-04,0.4702
3800,0.240696,,1.00e-04,0.5189
3900,0.222548,,1.00e-04,0.6735
4000,0.205262,,1.00e-04,0.4192
4000,,0.203720,,
4100,0.203209,,1.00e-04,0.6502
4200,0.206106,,1.00e-04,0.4916
4300,0.246886,,1.00e-04,0.5569
4400,0.194709,,1.00e-04,0.5382
4500,0.215741,,1.00e-04,0.5962
4600,0.197388,,1.00e-04,0.5788
4700,0.177763,,1.00e-04,0.4840
4800,0.232201,,1.00e-04,0.5671
4900,0.213837,,1.00e-04,0.4587
5000,0.173239,,1.00e-04,0.4737
5100,0.215365,,1.00e-04,0.4883
5200,0.217246,,1.00e-04,0.4741
5300,0.211135,,1.00e-04,0.4729
5400,0.170508,,1.00e-04,0.4198
5500,0.190448,,1.00e-04,0.4382
5600,0.202015,,1.00e-04,0.5852
5700,0.209673,,1.00e-04,0.4651
5800,0.155752,,1.00e-04,0.4478
5900,0.189023,,1.00e-04,0.5741
6000,0.185705,,1.00e-04,0.4475
6000,,0.173172,,
6100,0.200094,,1.00e-04,0.4453
6200,0.161890,,1.00e-04,0.4885
6300,0.156947,,1.00e-04,0.3517
6400,0.183608,,1.00e-04,0.3495
6500,0.173805,,1.00e-04,0.3328
6600,0.184549,,1.00e-04,0.4163
6700,0.167049,,1.00e-04,0.4028
6800,0.194856,,1.00e-04,0.4927
6900,0.156211,,1.00e-04,0.3578
7000,0.197706,,1.00e-04,0.4939
7100,0.165903,,1.00e-04,0.3982
7200,0.169178,,1.00e-04,0.4728
7300,0.171819,,1.00e-04,0.4285
7400,0.178119,,1.00e-04,0.3781
7500,0.176926,,1.00e-04,0.4589
7600,0.139726,,1.00e-04,0.4241
7700,0.188423,,1.00e-04,0.3612
7800,0.170183,,1.00e-04,0.3993
7900,0.197066,,1.00e-04,0.3290
8000,0.169203,,1.00e-04,0.3400
8000,,0.166253,,
8100,0.177164,,1.00e-04,0.3419
8200,0.191773,,1.00e-04,0.3372
8300,0.171021,,1.00e-04,0.4212
8400,0.143780,,1.00e-04,0.3695
8500,0.173909,,1.00e-04,0.3825
8600,0.183796,,1.00e-04,0.4065
8700,0.154718,,1.00e-04,0.3304
8800,0.157911,,1.00e-04,0.4056
8900,0.160334,,1.00e-04,0.3231
9000,0.191747,,1.00e-04,0.3814
9100,0.185687,,1.00e-04,0.3545
9200,0.157454,,1.00e-04,0.3654
9300,0.158738,,1.00e-04,0.3619
9400,0.169158,,1.00e-04,0.3003
9500,0.166564,,1.00e-04,0.3505
9600,0.147289,,1.00e-04,0.3240
9700,0.140206,,1.00e-04,0.3496
9800,0.125399,,1.00e-04,0.3345
9900,0.144431,,1.00e-04,0.3453
10000,0.154975,,1.00e-04,0.3371
10000,,0.157025,,
10100,0.180026,,1.00e-04,0.3121
10200,0.155179,,1.00e-04,0.3133
10300,0.149644,,1.00e-04,0.3618
10400,0.154905,,1.00e-04,0.3305
10500,0.144837,,1.00e-04,0.3373
10600,0.121237,,1.00e-04,0.3506
10700,0.113392,,1.00e-04,0.3115
10800,0.123796,,1.00e-04,0.3138
10900,0.189732,,1.00e-04,0.3126
11000,0.151382,,1.00e-04,0.3381
11100,0.165361,,1.00e-04,0.2934
11200,0.151018,,1.00e-04,0.3177
11300,0.131895,,1.00e-04,0.3166
11400,0.171162,,1.00e-04,0.3502
11500,0.179222,,1.00e-04,0.2864
11600,0.119037,,1.00e-04,0.2626
11700,0.183964,,1.00e-04,0.3408
11800,0.167476,,1.00e-04,0.2606
11900,0.130792,,1.00e-04,0.2716
12000,0.104457,,1.00e-04,0.3301
12000,,0.156040,,
12100,0.183085,,1.00e-04,0.3003
12200,0.128111,,1.00e-04,0.3062
12300,0.144624,,1.00e-04,0.3405
12400,0.179714,,1.00e-04,0.3129
12500,0.142061,,1.00e-04,0.2519
12600,0.127571,,1.00e-04,0.2788
12700,0.163881,,1.00e-04,0.3656
12800,0.127352,,1.00e-04,0.3153
12900,0.135446,,1.00e-04,0.3283
13000,0.145467,,1.00e-04,0.3051
13100,0.189549,,1.00e-04,0.2904
13200,0.129604,,1.00e-04,0.2756
13300,0.183889,,1.00e-04,0.2860
13400,0.168448,,1.00e-04,0.3225
13500,0.161337,,1.00e-04,0.3281
13600,0.145320,,1.00e-04,0.3190
13700,0.118650,,1.00e-04,0.3335
13800,0.135694,,1.00e-04,0.3002
13900,0.126910,,1.00e-04,0.3286
14000,0.172403,,1.00e-04,0.2914
14000,,0.151917,,
14100,0.164233,,1.00e-04,0.2958
14200,0.158121,,1.00e-04,0.3183
14300,0.144873,,1.00e-04,0.2952
14400,0.154585,,1.00e-04,0.3392
14500,0.156525,,1.00e-04,0.2963
14600,0.132800,,1.00e-04,0.2543
14700,0.128428,,1.00e-04,0.3224
14800,0.109130,,1.00e-04,0.3237
14900,0.163085,,1.00e-04,0.3544
15000,0.154617,,1.00e-04,0.2848
15100,0.139197,,1.00e-04,0.2930
15200,0.166241,,1.00e-04,0.3182
15300,0.133916,,1.00e-04,0.2788
15400,0.162950,,1.00e-04,0.3477
15500,0.145130,,1.00e-04,0.3070
15600,0.157390,,1.00e-04,0.2683
15700,0.136227,,1.00e-04,0.2852
15800,0.144471,,1.00e-04,0.3059
15900,0.184487,,1.00e-04,0.2707
16000,0.125899,,1.00e-04,0.3473
16000,,0.152514,,
16100,0.131154,,1.00e-04,0.2902
16200,0.125396,,1.00e-04,0.3596
16300,0.126810,,1.00e-04,0.2869
16400,0.140357,,1.00e-04,0.3136
16500,0.161929,,1.00e-04,0.2493
16600,0.123389,,1.00e-04,0.2525
16700,0.185896,,1.00e-04,0.2859
16800,0.129487,,1.00e-04,0.3989
16900,0.194685,,1.00e-04,0.2276
17000,0.148715,,1.00e-04,0.2775
17100,0.156318,,1.00e-04,0.2913
17200,0.142446,,1.00e-04,0.2937
17300,0.135051,,1.00e-04,0.2746
17400,0.134177,,1.00e-04,0.2779
17500,0.110788,,1.00e-04,0.2556
17600,0.123780,,1.00e-04,0.3301
17700,0.154618,,1.00e-04,0.2739
17800,0.145933,,1.00e-04,0.2631
17900,0.115006,,1.00e-04,0.3126
18000,0.127245,,1.00e-04,0.2566
18000,,0.150611,,
18100,0.155383,,1.00e-04,0.2656
18200,0.116240,,1.00e-04,0.2693
18300,0.144474,,1.00e-04,0.2539
18400,0.123762,,1.00e-04,0.3932
18500,0.133378,,1.00e-04,0.2654
18600,0.138453,,1.00e-04,0.2602
18700,0.116255,,1.00e-04,0.2972
18800,0.146183,,1.00e-04,0.2549
18900,0.127419,,1.00e-04,0.2707
19000,0.180598,,1.00e-04,0.2657
19100,0.133884,,1.00e-04,0.2922
19200,0.158768,,1.00e-04,0.2996
19300,0.116713,,1.00e-04,0.3067
19400,0.106831,,1.00e-04,0.3376
19500,0.122745,,1.00e-04,0.2898
19600,0.173558,,1.00e-04,0.3343
19700,0.139799,,1.00e-04,0.3043
19800,0.126556,,1.00e-04,0.2988
19900,0.147893,,1.00e-04,0.2497
20000,0.161639,,1.00e-04,0.3170
20000,,0.142529,,
20100,0.152107,,1.00e-04,0.2830
20200,0.131282,,1.00e-04,0.3248
20300,0.129118,,1.00e-04,0.2533
20400,0.147273,,1.00e-04,0.2493
20500,0.115712,,1.00e-04,0.3147
20600,0.129238,,1.00e-04,0.3392
20700,0.168292,,1.00e-04,0.2841
20800,0.146187,,1.00e-04,0.2984
20900,0.122898,,1.00e-04,0.3210
21000,0.122144,,1.00e-04,0.2741
21100,0.152997,,1.00e-04,0.2842
21200,0.139771,,1.00e-04,0.3195
21300,0.163110,,1.00e-04,0.2695
21400,0.135197,,1.00e-04,0.2489
21500,0.111312,,1.00e-04,0.3496
21600,0.106542,,1.00e-04,0.3105
21700,0.173224,,1.00e-04,0.2855
21800,0.138296,,1.00e-04,0.2844
21900,0.166422,,1.00e-04,0.2773
22000,0.128938,,1.00e-04,0.2892
22000,,0.143877,,
22100,0.106530,,1.00e-04,0.3533
22200,0.135421,,1.00e-04,0.2837
22300,0.134067,,1.00e-04,0.3323
22400,0.202429,,1.00e-04,0.2915
22500,0.141847,,1.00e-04,0.2573
22600,0.150049,,1.00e-04,0.2847
22700,0.148598,,1.00e-04,0.2450
22800,0.172385,,1.00e-04,0.2792
22900,0.177334,,1.00e-04,0.2692
23000,0.170375,,1.00e-04,0.2490
23100,0.121752,,1.00e-04,0.3373
23200,0.099523,,1.00e-04,0.3459
23300,0.140483,,1.00e-04,0.3351
23400,0.143968,,1.00e-04,0.3726
23500,0.158265,,1.00e-04,0.3122
23600,0.124802,,1.00e-04,0.2722
23700,0.160056,,1.00e-04,0.2667
23800,0.126587,,1.00e-04,0.3617
23900,0.150826,,1.00e-04,0.2985
24000,0.162965,,1.00e-04,0.2636
24000,,0.145935,,
24100,0.154483,,1.00e-04,0.2698
24200,0.132113,,1.00e-04,0.3031
24300,0.144575,,1.00e-04,0.3129
24400,0.141891,,1.00e-04,0.3051
24500,0.107525,,1.00e-04,0.2758
24600,0.123161,,1.00e-04,0.2797
24700,0.141455,,1.00e-04,0.2976
24800,0.118159,,1.00e-04,0.3294
24900,0.126575,,1.00e-04,0.2902
25000,0.102234,,1.00e-04,0.3545
25100,0.141814,,1.00e-04,0.3066
25200,0.141327,,1.00e-04,0.3153
25300,0.132891,,1.00e-04,0.3493
25400,0.137479,,1.00e-04,0.3051
25500,0.114534,,1.00e-04,0.3495
25600,0.123459,,1.00e-04,0.3055
25700,0.122086,,1.00e-04,0.2991
25800,0.162229,,1.00e-04,0.2999
25900,0.127308,,1.00e-04,0.2731
26000,0.148938,,1.00e-04,0.3113
26000,,0.145023,,
26100,0.123861,,1.00e-04,0.3326
26200,0.138740,,1.00e-04,0.2534
26300,0.174407,,1.00e-04,0.2279
26400,0.144137,,1.00e-04,0.3071
26500,0.110307,,1.00e-04,0.2774
26600,0.145874,,1.00e-04,0.3298
26700,0.159337,,1.00e-04,0.2674
26800,0.123013,,1.00e-04,0.2488
26900,0.123286,,1.00e-04,0.3716
27000,0.160863,,1.00e-04,0.2947
27100,0.139738,,1.00e-04,0.3601
27200,0.121454,,1.00e-04,0.3255
27300,0.161828,,1.00e-04,0.2668
27400,0.133256,,1.00e-04,0.2337
27500,0.117717,,1.00e-04,0.3333
27600,0.137057,,1.00e-04,0.3335
27700,0.143164,,1.00e-04,0.2882
27800,0.125016,,1.00e-04,0.3122
27900,0.139885,,1.00e-04,0.3578
28000,0.119299,,1.00e-04,0.3109
28000,,0.143993,,
28100,0.139280,,1.00e-04,0.3092
28200,0.147106,,1.00e-04,0.2914
28300,0.107121,,1.00e-04,0.3370
28400,0.078253,,1.00e-04,0.3385
28500,0.179018,,1.00e-04,0.2706
28600,0.129579,,1.00e-04,0.3827
28700,0.116153,,1.00e-04,0.3180
28800,0.148977,,1.00e-04,0.3093
28900,0.132253,,1.00e-04,0.3107
29000,0.166552,,1.00e-04,0.2916
29100,0.163577,,1.00e-04,0.2764
29200,0.139496,,1.00e-04,0.3490
29300,0.140813,,1.00e-04,0.3141
29400,0.133427,,1.00e-04,0.3120
29500,0.144334,,1.00e-04,0.3299
29600,0.122694,,1.00e-04,0.3385
29700,0.099997,,1.00e-04,0.3483
29800,0.159282,,1.00e-04,0.3811
29900,0.142981,,1.00e-04,0.3387
30000,0.119856,,1.00e-04,0.3230
30000,,0.137968,,
30100,0.160312,,1.00e-04,0.2857
30200,0.189346,,1.00e-04,0.2846
30300,0.164148,,1.00e-04,0.2786
30400,0.122944,,1.00e-04,0.3309
30500,0.157163,,1.00e-04,0.3032
30600,0.120379,,1.00e-04,0.3028
30700,0.148765,,1.00e-04,0.2682
30800,0.175005,,1.00e-04,0.3106
30900,0.140016,,1.00e-04,0.3487
31000,0.143052,,1.00e-04,0.3174
31100,0.150630,,1.00e-04,0.2809
31200,0.110008,,1.00e-04,0.3574
31300,0.159544,,1.00e-04,0.2867
31400,0.130076,,1.00e-04,0.2833
31500,0.137919,,1.00e-04,0.2706
31600,0.120903,,1.00e-04,0.2892
31700,0.120567,,1.00e-04,0.3222
31800,0.147712,,1.00e-04,0.3215
31900,0.157885,,1.00e-04,0.2821
32000,0.109238,,1.00e-04,0.3983
32000,,0.143171,,
32100,0.104269,,1.00e-04,0.3369
32200,0.128003,,1.00e-04,0.3652
32300,0.137753,,1.00e-04,0.2989
32400,0.138188,,1.00e-04,0.2581
32500,0.174861,,1.00e-04,0.2861
32600,0.162919,,1.00e-04,0.2882
32700,0.108991,,1.00e-04,0.3499
32800,0.112210,,1.00e-04,0.2976
32900,0.128632,,1.00e-04,0.2657
33000,0.130480,,1.00e-04,0.3530
33100,0.157061,,1.00e-04,0.3092
33200,0.126633,,1.00e-04,0.3253
33300,0.123920,,1.00e-04,0.3296
33400,0.110274,,1.00e-04,0.2980
33500,0.116024,,1.00e-04,0.3750
33600,0.147293,,1.00e-04,0.2917
33700,0.140667,,1.00e-04,0.2599
33800,0.134864,,1.00e-04,0.3295
33900,0.136798,,1.00e-04,0.3286
34000,0.155920,,1.00e-04,0.3345
34000,,0.143835,,
34100,0.162365,,1.00e-04,0.2932
34200,0.145134,,1.00e-04,0.2840
34300,0.171510,,1.00e-04,0.2801
34400,0.129865,,1.00e-04,0.3532
34500,0.115842,,1.00e-04,0.3609
34600,0.118942,,1.00e-04,0.2964
34700,0.133359,,1.00e-04,0.3358
34800,0.112613,,1.00e-04,0.3172
34900,0.148705,,1.00e-04,0.3024
35000,0.146473,,1.00e-04,0.3867
35100,0.136158,,1.00e-04,0.2633
35200,0.095041,,1.00e-04,0.3052
35300,0.163387,,1.00e-04,0.3392
35400,0.118303,,1.00e-04,0.3199
35500,0.145170,,1.00e-04,0.3115
35600,0.135663,,1.00e-04,0.3039
35700,0.137739,,1.00e-04,0.2671
35800,0.125232,,1.00e-04,0.2852
35900,0.132494,,1.00e-04,0.4011
36000,0.170736,,1.00e-04,0.3032
36000,,0.138948,,
36100,0.104981,,1.00e-04,0.3851
36200,0.129690,,1.00e-04,0.3389
36300,0.170857,,1.00e-04,0.3218
36400,0.111490,,1.00e-04,0.3277
36500,0.136610,,1.00e-04,0.2654
36600,0.101244,,1.00e-04,0.3149
36700,0.138816,,1.00e-04,0.3255
36800,0.097294,,1.00e-04,0.3932
36900,0.132438,,1.00e-04,0.2808
37000,0.133046,,1.00e-04,0.3688
37100,0.103760,,1.00e-04,0.3376
37200,0.175207,,1.00e-04,0.3054
37300,0.138256,,1.00e-04,0.2597
37400,0.153345,,1.00e-04,0.2675
37500,0.104743,,1.00e-04,0.3287
37600,0.099686,,1.00e-04,0.4423
37700,0.117358,,1.00e-04,0.3715
37800,0.134396,,1.00e-04,0.3778
37900,0.145493,,1.00e-04,0.2567
38000,0.116380,,1.00e-04,0.3578
38000,,0.136396,,
38100,0.138486,,1.00e-04,0.3479
38200,0.111534,,1.00e-04,0.3185
38300,0.147334,,1.00e-04,0.3951
38400,0.114421,,1.00e-04,0.3568
38500,0.163881,,1.00e-04,0.2482
38600,0.121774,,1.00e-04,0.3545
38700,0.122220,,1.00e-04,0.3303
38800,0.152569,,1.00e-04,0.3193
38900,0.156747,,1.00e-04,0.3013
39000,0.116659,,1.00e-04,0.2842
39100,0.131893,,1.00e-04,0.3555
39200,0.111433,,1.00e-04,0.3417
39300,0.151260,,1.00e-04,0.3438
39400,0.140813,,1.00e-04,0.3295
39500,0.144379,,1.00e-04,0.3269
39600,0.140744,,1.00e-04,0.3444
39700,0.152139,,1.00e-04,0.2820
39800,0.128728,,1.00e-04,0.2997
39900,0.115569,,1.00e-04,0.2965
40000,0.115895,,1.00e-04,0.3897
40000,,0.145681,,
40100,0.173316,,1.00e-04,0.2889
40200,0.107037,,1.00e-04,0.3689
40300,0.134384,,1.00e-04,0.3475
40400,0.104464,,1.00e-04,0.3527
40500,0.141042,,1.00e-04,0.2996
40600,0.123211,,1.00e-04,0.3622
40700,0.092356,,1.00e-04,0.4181
40800,0.142248,,1.00e-04,0.3571
40900,0.134187,,1.00e-04,0.2838
41000,0.115980,,1.00e-04,0.3314
41100,0.114860,,1.00e-04,0.3081
41200,0.106245,,1.00e-04,0.3430
41300,0.176403,,1.00e-04,0.2739
41400,0.170764,,1.00e-04,0.2947
41500,0.134747,,1.00e-04,0.2992
41600,0.143388,,1.00e-04,0.3316
41700,0.142048,,1.00e-04,0.3090
41800,0.158598,,1.00e-04,0.3060
41900,0.137007,,1.00e-04,0.3274
42000,0.097519,,1.00e-04,0.4051
42000,,0.137100,,
42100,0.132951,,1.00e-04,0.2698
42200,0.117675,,1.00e-04,0.3324
42300,0.142303,,1.00e-04,0.3584
42400,0.207761,,1.00e-04,0.4222
42500,0.100756,,1.00e-04,0.3497
42600,0.143535,,1.00e-04,0.4149
42700,0.125880,,1.00e-04,0.2732
42800,0.150985,,1.00e-04,0.2513
42900,0.141783,,1.00e-04,0.2636
43000,0.099213,,1.00e-04,0.3308
43100,0.138924,,1.00e-04,0.3667
43200,0.122805,,1.00e-04,0.3336
43300,0.129466,,1.00e-04,0.2684
43400,0.153569,,1.00e-04,0.3058
43500,0.114964,,1.00e-04,0.3074
43600,0.138276,,1.00e-04,0.3641
43700,0.130168,,1.00e-04,0.2853
43800,0.163445,,1.00e-04,0.3401
43900,0.143106,,1.00e-04,0.2898
44000,0.148946,,1.00e-04,0.2957
44000,,0.138397,,
44100,0.146621,,1.00e-04,0.3215
44200,0.088187,,1.00e-04,0.3334
44300,0.142620,,1.00e-04,0.2839
44400,0.115048,,1.00e-04,0.3146
44500,0.133018,,1.00e-04,0.3313
44600,0.079202,,1.00e-04,0.3740
44700,0.123767,,1.00e-04,0.3413
44800,0.149067,,1.00e-04,0.3699
44900,0.182944,,1.00e-04,0.2763
45000,0.126943,,1.00e-04,0.2950
45100,0.130686,,1.00e-04,0.3754
45200,0.125685,,1.00e-04,0.2894
45300,0.108690,,1.00e-04,0.4352
45400,0.132059,,1.00e-04,0.3106
45500,0.142335,,1.00e-04,0.3039
45600,0.084795,,1.00e-04,0.4568
45700,0.140939,,1.00e-04,0.2882
45800,0.132360,,1.00e-04,0.2691
45900,0.092828,,1.00e-04,0.3370
46000,0.131998,,1.00e-04,0.3201
46000,,0.146987,,
46100,0.139123,,1.00e-04,0.3250
46200,0.106883,,1.00e-04,0.4031
46300,0.113778,,1.00e-04,0.4271
46400,0.144488,,1.00e-04,0.3192
46500,0.123297,,1.00e-04,0.3369
46600,0.155095,,1.00e-04,0.2639
46700,0.146127,,1.00e-04,0.3305
46800,0.139721,,1.00e-04,0.3302
46900,0.092277,,1.00e-04,0.3753
47000,0.103770,,1.00e-04,0.3990
47100,0.180956,,1.00e-04,0.3026
47200,0.124337,,1.00e-04,0.2938
47300,0.162215,,1.00e-04,0.2817
47400,0.111638,,1.00e-04,0.2550
47500,0.112904,,1.00e-04,0.3319
47600,0.136232,,1.00e-04,0.3025
47700,0.108599,,1.00e-04,0.3281
47800,0.130233,,1.00e-04,0.3330
47900,0.106942,,1.00e-04,0.3566
48000,0.154642,,1.00e-04,0.3207
48000,,0.140406,,
48100,0.110574,,1.00e-04,0.3721
48200,0.117277,,1.00e-04,0.3730
48300,0.103968,,1.00e-04,0.4014
48400,0.100645,,1.00e-04,0.4182
48500,0.094165,,1.00e-04,0.3347
48600,0.107094,,1.00e-04,0.3530
48700,0.112680,,1.00e-04,0.3844
48800,0.152525,,1.00e-04,0.3364
48900,0.145379,,1.00e-04,0.2733
49000,0.121803,,1.00e-04,0.3213
49100,0.163142,,1.00e-04,0.3224
49200,0.112933,,1.00e-04,0.3449
49300,0.123358,,1.00e-04,0.2862
49400,0.136879,,1.00e-04,0.2830
49500,0.097880,,1.00e-04,0.3939
49600,0.142150,,1.00e-04,0.2963
49700,0.138718,,1.00e-04,0.3055
49800,0.121942,,1.00e-04,0.3161
49900,0.125327,,1.00e-04,0.3359
50000,0.166877,,1.00e-04,0.3092
50000,,0.133769,,
50100,0.109881,,1.00e-04,0.3764
50200,0.117208,,1.00e-04,0.3159
50300,0.105615,,1.00e-04,0.3733
50400,0.115451,,1.00e-04,0.4592
50500,0.121845,,1.00e-04,0.3721
50600,0.093148,,1.00e-04,0.4144
50700,0.117856,,1.00e-04,0.3356
50800,0.114335,,1.00e-04,0.3514
50900,0.124421,,1.00e-04,0.3524
51000,0.114545,,1.00e-04,0.3226
51100,0.140996,,1.00e-04,0.3534
51200,0.095278,,1.00e-04,0.3930
51300,0.126576,,1.00e-04,0.3430
51400,0.105052,,1.00e-04,0.3485
51500,0.132399,,1.00e-04,0.3933
51600,0.128060,,1.00e-04,0.3275
51700,0.109937,,1.00e-04,0.3869
51800,0.122604,,1.00e-04,0.3304
51900,0.105785,,1.00e-04,0.3631
52000,0.135081,,1.00e-04,0.3318
52000,,0.136291,,
52100,0.128210,,1.00e-04,0.2586
52200,0.123360,,1.00e-04,0.3540
52300,0.105816,,1.00e-04,0.4121
52400,0.143617,,1.00e-04,0.3151
52500,0.120113,,1.00e-04,0.3616
52600,0.124402,,1.00e-04,0.3703
52700,0.115555,,1.00e-04,0.3320
52800,0.114444,,1.00e-04,0.3392
52900,0.142399,,1.00e-04,0.2715
53000,0.148523,,1.00e-04,0.3365
53100,0.120675,,1.00e-04,0.3376
53200,0.107058,,1.00e-04,0.3192
53300,0.091490,,1.00e-04,0.3735
53400,0.105210,,1.00e-04,0.2917
53500,0.110855,,1.00e-04,0.3461
53600,0.156712,,1.00e-04,0.3393
53700,0.142558,,1.00e-04,0.3165
53800,0.124752,,1.00e-04,0.3299
53900,0.129524,,1.00e-04,0.3077
54000,0.116245,,1.00e-04,0.3966
54000,,0.144745,,
54100,0.193337,,1.00e-04,0.3671
54200,0.134227,,1.00e-04,0.2600
54300,0.099557,,1.00e-04,0.4529
54400,0.132064,,1.00e-04,0.3231
54500,0.133092,,1.00e-04,0.3736
54600,0.099945,,1.00e-04,0.3634
54700,0.124951,,1.00e-04,0.3779
54800,0.140215,,1.00e-04,0.4680
54900,0.140383,,1.00e-04,0.2734
55000,0.115542,,1.00e-04,0.4052
55100,0.130260,,1.00e-04,0.4648
55200,0.104312,,1.00e-04,0.3945
55300,0.143691,,1.00e-04,0.3173
55400,0.132486,,1.00e-04,0.3034
55500,0.163818,,1.00e-04,0.2627
55600,0.153129,,1.00e-04,0.3482
55700,0.137237,,1.00e-04,0.2900
55800,0.112906,,1.00e-04,0.3345
55900,0.123804,,1.00e-04,0.3632
56000,0.096295,,1.00e-04,0.4479
56000,,0.133121,,
56100,0.099203,,1.00e-04,0.3771
56200,0.164120,,1.00e-04,0.3186
56300,0.137624,,1.00e-04,0.3802
56400,0.114369,,1.00e-04,0.2945
56500,0.138895,,1.00e-04,0.3471
56600,0.162046,,1.00e-04,0.4009
56700,0.106653,,1.00e-04,0.4099
56800,0.099444,,1.00e-04,0.3940
56900,0.134719,,1.00e-04,0.3871
57000,0.118156,,1.00e-04,0.3317
57100,0.139760,,1.00e-04,0.2805
57200,0.113854,,1.00e-04,0.4123
57300,0.173312,,1.00e-04,0.3688
57400,0.143526,,1.00e-04,0.3159
57500,0.120917,,1.00e-04,0.3308
57600,0.126987,,1.00e-04,0.3026
57700,0.133629,,1.00e-04,0.3091
57800,0.112311,,1.00e-04,0.3907
57900,0.104316,,1.00e-04,0.3285
58000,0.127552,,1.00e-04,0.2969
58000,,0.136551,,
58100,0.137541,,1.00e-04,0.3204
58200,0.132052,,1.00e-04,0.2896
58300,0.129363,,1.00e-04,0.3167
58400,0.150440,,1.00e-04,0.2780
58500,0.116936,,1.00e-04,0.4842
58600,0.109848,,1.00e-04,0.3247
58700,0.165146,,1.00e-04,0.2901
58800,0.118674,,1.00e-04,0.3094
58900,0.162178,,1.00e-04,0.2889
59000,0.136603,,1.00e-04,0.3924
59100,0.100718,,1.00e-04,0.4335
59200,0.097874,,1.00e-04,0.3262
59300,0.111700,,1.00e-04,0.3381
59400,0.153130,,1.00e-04,0.3797
59500,0.134812,,1.00e-04,0.4261
59600,0.083857,,1.00e-04,0.3416
59700,0.139701,,1.00e-04,0.2745
59800,0.120428,,1.00e-04,0.3265
59900,0.152413,,1.00e-04,0.3029
60000,0.149165,,1.00e-04,0.3212
60000,,0.130321,,
60100,0.145825,,1.00e-04,0.3706
60200,0.146416,,1.00e-04,0.3484
60300,0.129794,,1.00e-04,0.3005
60400,0.110647,,1.00e-04,0.3191
60500,0.156510,,1.00e-04,0.3599
60600,0.140354,,1.00e-04,0.3846
60700,0.141938,,1.00e-04,0.3633
60800,0.147949,,1.00e-04,0.3404
60900,0.090054,,1.00e-04,0.3701
61000,0.128520,,1.00e-04,0.3915
61100,0.139065,,1.00e-04,0.2713
61200,0.113118,,1.00e-04,0.3106
61300,0.119713,,1.00e-04,0.3508
61400,0.106621,,1.00e-04,0.3696
61500,0.120267,,1.00e-04,0.3786
61600,0.145495,,1.00e-04,0.3049
61700,0.129539,,1.00e-04,0.3688
61800,0.134727,,1.00e-04,0.3184
61900,0.129023,,1.00e-04,0.3081
62000,0.124255,,1.00e-04,0.3380
62000,,0.147850,,
62100,0.125788,,1.00e-04,0.3723
62200,0.100027,,1.00e-04,0.3405
62300,0.121823,,1.00e-04,0.2961
62400,0.135093,,1.00e-04,0.3978
62500,0.128834,,1.00e-04,0.3612
62600,0.133362,,1.00e-04,0.2701
62700,0.149859,,1.00e-04,0.3499
62800,0.151431,,1.00e-04,0.2776
62900,0.140514,,1.00e-04,0.3590
63000,0.104793,,1.00e-04,0.3568
63100,0.134584,,1.00e-04,0.3398
63200,0.156552,,1.00e-04,0.3415
63300,0.121707,,1.00e-04,0.3179
63400,0.130817,,1.00e-04,0.4059
63500,0.141785,,1.00e-04,0.3677
63600,0.124093,,1.00e-04,0.2830
63700,0.121435,,1.00e-04,0.3394
63800,0.138930,,1.00e-04,0.2927
63900,0.190600,,1.00e-04,0.3309
64000,0.119647,,1.00e-04,0.3601
64000,,0.144778,,
64100,0.094269,,1.00e-04,0.3886
64200,0.157551,,1.00e-04,0.3077
64300,0.171056,,1.00e-04,0.2800
64400,0.118973,,1.00e-04,0.3595
64500,0.143990,,1.00e-04,0.4002
64600,0.116643,,1.00e-04,0.3794
64700,0.135067,,1.00e-04,0.3317
64800,0.129977,,1.00e-04,0.3369
64900,0.080496,,1.00e-04,0.5181
65000,0.168874,,1.00e-04,0.3563
65100,0.133555,,1.00e-04,0.3807
65200,0.120311,,1.00e-04,0.3799
65300,0.106756,,1.00e-04,0.3228
65400,0.135171,,1.00e-04,0.2972
65500,0.107646,,1.00e-04,0.4120
65600,0.108861,,1.00e-04,0.4373
65700,0.123218,,1.00e-04,0.3891
65800,0.085680,,1.00e-04,0.4526
65900,0.104540,,1.00e-04,0.3747
66000,0.128414,,1.00e-04,0.2917
66000,,0.139201,,
66100,0.122055,,1.00e-04,0.2929
66200,0.156752,,1.00e-04,0.3104
66300,0.098889,,1.00e-04,0.3850
66400,0.174942,,1.00e-04,0.4014
66500,0.131906,,1.00e-04,0.3832
66600,0.120404,,1.00e-04,0.4305
66700,0.151456,,1.00e-04,0.4428
66800,0.155697,,1.00e-04,0.3485
66900,0.110715,,1.00e-04,0.3540
67000,0.096234,,1.00e-04,0.3278
67100,0.122866,,1.00e-04,0.3611
67200,0.165753,,1.00e-04,0.3276
67300,0.150991,,1.00e-04,0.3176
67400,0.179906,,1.00e-04,0.3415
67500,0.132573,,1.00e-04,0.3441
67600,0.095617,,1.00e-04,0.4061
67700,0.108034,,1.00e-04,0.3838
67800,0.116808,,1.00e-04,0.3696
67900,0.169656,,1.00e-04,0.2819
68000,0.139064,,1.00e-04,0.3203
68000,,0.136237,,
68100,0.110010,,1.00e-04,0.3569
68200,0.125966,,1.00e-04,0.5211
68300,0.094351,,1.00e-04,0.4138
68400,0.113141,,1.00e-04,0.3888
68500,0.162611,,1.00e-04,0.3176
68600,0.139132,,1.00e-04,0.3815
68700,0.132870,,1.00e-04,0.3117
68800,0.133960,,1.00e-04,0.4570
68900,0.180695,,1.00e-04,0.2577
69000,0.153056,,1.00e-04,0.3602
69100,0.117183,,1.00e-04,0.3822
69200,0.108689,,1.00e-04,0.3655
69300,0.114087,,1.00e-04,0.3853
69400,0.132729,,1.00e-04,0.3745
69500,0.143850,,1.00e-04,0.2900
69600,0.094766,,1.00e-04,0.3673
69700,0.175000,,1.00e-04,0.3211
69800,0.110339,,1.00e-04,0.3704
69900,0.136046,,1.00e-04,0.3712
70000,0.144546,,1.00e-04,0.3744
70000,,0.137863,,
70100,0.080473,,1.00e-04,0.4923
70200,0.131250,,1.00e-04,0.3918
70300,0.128454,,1.00e-04,0.3443
70400,0.127704,,1.00e-04,0.3808
70500,0.087251,,1.00e-04,0.4210
70600,0.143063,,1.00e-04,0.3477
70700,0.161043,,1.00e-04,0.3196
70800,0.127214,,1.00e-04,0.4095
70900,0.103981,,1.00e-04,0.3998
71000,0.112067,,1.00e-04,0.2940
71100,0.080109,,1.00e-04,0.3647
71200,0.118027,,1.00e-04,0.3479
71300,0.122938,,1.00e-04,0.3215
71400,0.110788,,1.00e-04,0.3598
71500,0.151376,,1.00e-04,0.3493
71600,0.147653,,1.00e-04,0.4036
71700,0.131751,,1.00e-04,0.3613
71800,0.107893,,1.00e-04,0.3994
71900,0.136691,,1.00e-04,0.3458
72000,0.095207,,1.00e-04,0.4119
72000,,0.128107,,
72100,0.107056,,1.00e-04,0.4234
72200,0.115213,,1.00e-04,0.3860
72300,0.144179,,1.00e-04,0.3557
72400,0.161799,,1.00e-04,0.3611
72500,0.146482,,1.00e-04,0.2582
72600,0.149632,,1.00e-04,0.3540
72700,0.132284,,1.00e-04,0.3621
72800,0.156699,,1.00e-04,0.2926
72900,0.125631,,1.00e-04,0.3621
73000,0.108767,,1.00e-04,0.3417
73100,0.127614,,1.00e-04,0.4084
73200,0.114896,,1.00e-04,0.4106
73300,0.097404,,1.00e-04,0.3910
73400,0.113270,,1.00e-04,0.3746
73500,0.109852,,1.00e-04,0.3452
73600,0.108611,,1.00e-04,0.3805
73700,0.148989,,1.00e-04,0.3133
73800,0.139632,,1.00e-04,0.3537
73900,0.137493,,1.00e-04,0.3024
74000,0.150890,,1.00e-04,0.3108
74000,,0.145252,,
74100,0.133658,,1.00e-04,0.4176
74200,0.128472,,1.00e-04,0.3038
74300,0.134889,,1.00e-04,0.3196
74400,0.120177,,1.00e-04,0.3327
74500,0.127798,,1.00e-04,0.3701
74600,0.139878,,1.00e-04,0.3229
74700,0.134277,,1.00e-04,0.4154
74800,0.125894,,1.00e-04,0.4299
74900,0.133347,,1.00e-04,0.4475
75000,0.118502,,1.00e-04,0.3776
75100,0.131020,,1.00e-04,0.4085
75200,0.104572,,1.00e-04,0.3855
75300,0.117652,,1.00e-04,0.3739
75400,0.099847,,1.00e-04,0.3579
75500,0.095851,,1.00e-04,0.4555
75600,0.103600,,1.00e-04,0.4693
75700,0.149653,,1.00e-04,0.3744
75800,0.147085,,1.00e-04,0.4219
75900,0.135105,,1.00e-04,0.3852
76000,0.110188,,1.00e-04,0.3015
76000,,0.145294,,
76100,0.094043,,1.00e-04,0.3705
76200,0.122873,,1.00e-04,0.3274
76300,0.156756,,1.00e-04,0.3733
76400,0.100171,,1.00e-04,0.4306
76500,0.131356,,1.00e-04,0.2801
76600,0.129963,,1.00e-04,0.3191
76700,0.131396,,1.00e-04,0.3704
76800,0.143556,,1.00e-04,0.2889
76900,0.121844,,1.00e-04,0.3412
77000,0.126354,,1.00e-04,0.4663
77100,0.114700,,1.00e-04,0.2886
77200,0.115677,,1.00e-04,0.4209
77300,0.198095,,1.00e-04,0.2370
77400,0.113071,,1.00e-04,0.4065
77500,0.145307,,1.00e-04,0.3209
77600,0.155098,,1.00e-04,0.3127
77700,0.126292,,1.00e-04,0.3666
77800,0.150728,,1.00e-04,0.4843
77900,0.122042,,1.00e-04,0.3625
78000,0.097235,,1.00e-04,0.4444
78000,,0.130086,,
78100,0.161711,,1.00e-04,0.2832
78200,0.094319,,1.00e-04,0.4400
78300,0.119146,,1.00e-04,0.3726
78400,0.122331,,1.00e-04,0.3878
78500,0.105956,,1.00e-04,0.4782
78600,0.192875,,1.00e-04,0.3565
78700,0.119463,,1.00e-04,0.3357
78800,0.119776,,1.00e-04,0.3397
78900,0.101773,,1.00e-04,0.3797
79000,0.103677,,1.00e-04,0.3819
79100,0.134429,,1.00e-04,0.3369
79200,0.137390,,1.00e-04,0.4860
79300,0.107974,,1.00e-04,0.4028
79400,0.158612,,1.00e-04,0.3924
79500,0.134365,,1.00e-04,0.4492
79600,0.104799,,1.00e-04,0.3773
79700,0.108634,,1.00e-04,0.4188
79800,0.151672,,1.00e-04,0.3444
79900,0.124486,,1.00e-04,0.3670
80000,0.136073,,1.00e-04,0.3928
80000,,0.137559,,
80100,0.109802,,1.00e-04,0.3994
80200,0.106796,,1.00e-04,0.3883
80300,0.123051,,1.00e-04,0.4038
80400,0.094972,,1.00e-04,0.4268
80500,0.094444,,1.00e-04,0.4240
80600,0.140716,,1.00e-04,0.3340
80700,0.134336,,1.00e-04,0.3431
80800,0.115669,,1.00e-04,0.4046
80900,0.136106,,1.00e-04,0.3817
81000,0.110386,,1.00e-04,0.3729
81100,0.096072,,1.00e-04,0.3443
81200,0.123429,,1.00e-04,0.3322
81300,0.110122,,1.00e-04,0.3887
81400,0.150488,,1.00e-04,0.2668
81500,0.122340,,1.00e-04,0.3818
81600,0.128821,,1.00e-04,0.3511
81700,0.121782,,1.00e-04,0.3515
81800,0.116761,,1.00e-04,0.3469
81900,0.090183,,1.00e-04,0.4797
82000,0.111725,,1.00e-04,0.4536
82000,,0.140118,,
82100,0.125083,,1.00e-04,0.4551
82200,0.152978,,1.00e-04,0.4380
82300,0.116584,,1.00e-04,0.3597
82400,0.147160,,1.00e-04,0.2970
82500,0.139480,,1.00e-04,0.3678
82600,0.112390,,1.00e-04,0.4105
82700,0.154929,,1.00e-04,0.3335
82800,0.123528,,1.00e-04,0.3384
82900,0.158819,,1.00e-04,0.3050
83000,0.129380,,1.00e-04,0.3492
83100,0.120619,,1.00e-04,0.3930
83200,0.127556,,1.00e-04,0.3077
83300,0.111971,,1.00e-04,0.4904
83400,0.141588,,1.00e-04,0.3439
83500,0.110704,,1.00e-04,0.4052
83600,0.103238,,1.00e-04,0.4168
83700,0.109759,,1.00e-04,0.3323
83800,0.116935,,1.00e-04,0.4131
83900,0.130090,,1.00e-04,0.3580
84000,0.127162,,1.00e-04,0.3087
84000,,0.129139,,
84100,0.162406,,1.00e-04,0.3052
84200,0.112874,,1.00e-04,0.3611
84300,0.113682,,1.00e-04,0.3245
84400,0.122729,,1.00e-04,0.3385
84500,0.132071,,1.00e-04,0.4103
84600,0.091936,,1.00e-04,0.4625
84700,0.111012,,1.00e-04,0.3197
84800,0.131089,,1.00e-04,0.4352
84900,0.119913,,1.00e-04,0.3471
85000,0.154926,,1.00e-04,0.3596
85100,0.142191,,1.00e-04,0.2736
85200,0.087737,,1.00e-04,0.3865
85300,0.114006,,1.00e-04,0.4392
85400,0.163464,,1.00e-04,0.2950
85500,0.118668,,1.00e-04,0.3993
85600,0.179469,,1.00e-04,0.3245
85700,0.152897,,1.00e-04,0.3176
85800,0.126043,,1.00e-04,0.3544
85900,0.086189,,1.00e-04,0.4263
86000,0.133090,,1.00e-04,0.3226
86000,,0.139672,,
86100,0.123961,,1.00e-04,0.3297
86200,0.120518,,1.00e-04,0.3655
86300,0.145370,,1.00e-04,0.2738
86400,0.161419,,1.00e-04,0.4335
86500,0.175099,,1.00e-04,0.3164
86600,0.084354,,1.00e-04,0.4893
86700,0.104180,,1.00e-04,0.4966
86800,0.153668,,1.00e-04,0.3426
86900,0.117447,,1.00e-04,0.3567
87000,0.115736,,1.00e-04,0.3995
87100,0.099638,,1.00e-04,0.4057
87200,0.131248,,1.00e-04,0.3764
87300,0.123606,,1.00e-04,0.3636
87400,0.124233,,1.00e-04,0.3748
87500,0.104642,,1.00e-04,0.4453
87600,0.096686,,1.00e-04,0.3560
87700,0.119300,,1.00e-04,0.4181
87800,0.109350,,1.00e-04,0.5524
87900,0.126717,,1.00e-04,0.3414
88000,0.117281,,1.00e-04,0.4371
88000,,0.135399,,
88100,0.150579,,1.00e-04,0.3367
88200,0.105082,,1.00e-04,0.3882
88300,0.143642,,1.00e-04,0.3984
88400,0.097543,,1.00e-04,0.2858
88500,0.102707,,1.00e-04,0.3554
88600,0.139543,,1.00e-04,0.3823
88700,0.165067,,1.00e-04,0.2931
88800,0.097360,,1.00e-04,0.3563
88900,0.119913,,1.00e-04,0.3690
89000,0.097885,,1.00e-04,0.4205
89100,0.111273,,1.00e-04,0.4264
89200,0.139479,,1.00e-04,0.4462
89300,0.152199,,1.00e-04,0.3666
89400,0.133717,,1.00e-04,0.3296
89500,0.130631,,1.00e-04,0.3642
89600,0.125739,,1.00e-04,0.3949
89700,0.142909,,1.00e-04,0.2601
89800,0.096771,,1.00e-04,0.5274
89900,0.085291,,1.00e-04,0.4501
90000,0.132681,,1.00e-04,0.4018
90000,,0.145241,,
90100,0.111882,,1.00e-04,0.3969
90200,0.123956,,1.00e-04,0.4557
90300,0.144647,,1.00e-04,0.3333
90400,0.108941,,1.00e-04,0.3855
90500,0.145782,,1.00e-04,0.3313
90600,0.120432,,1.00e-04,0.3430
90700,0.102189,,1.00e-04,0.3558
90800,0.129568,,1.00e-04,0.3383
90900,0.113381,,1.00e-04,0.4092
91000,0.129637,,1.00e-04,0.4305
91100,0.169726,,1.00e-04,0.3798
91200,0.109497,,1.00e-04,0.3829
91300,0.135579,,1.00e-04,0.4431
91400,0.080091,,1.00e-04,0.4548
91500,0.126362,,1.00e-04,0.3280
91600,0.141876,,1.00e-04,0.3766
91700,0.121375,,1.00e-04,0.3805
91800,0.104090,,1.00e-04,0.4451
91900,0.099876,,1.00e-04,0.4240
92000,0.127528,,1.00e-04,0.3892
92000,,0.142377,,
92100,0.101159,,1.00e-04,0.5614
92200,0.167175,,1.00e-04,0.3120
92300,0.074221,,1.00e-04,0.5271
92400,0.118815,,1.00e-04,0.3755
92500,0.116870,,1.00e-04,0.4102
92600,0.075250,,1.00e-04,0.4464
92700,0.143154,,1.00e-04,0.3051
92800,0.169496,,1.00e-04,0.2595
92900,0.177018,,1.00e-04,0.3502
93000,0.104363,,1.00e-04,0.3923
93100,0.168517,,1.00e-04,0.3855
93200,0.157651,,1.00e-04,0.2614
93300,0.151348,,1.00e-04,0.3875
93400,0.178032,,1.00e-04,0.3323
93500,0.137396,,1.00e-04,0.3692
93600,0.126888,,1.00e-04,0.4203
93700,0.147162,,1.00e-04,0.3921
93800,0.153829,,1.00e-04,0.4289
93900,0.107127,,1.00e-04,0.3293
94000,0.139065,,1.00e-04,0.3152
94000,,0.138508,,
94100,0.131963,,1.00e-04,0.4113
94200,0.152552,,1.00e-04,0.3874
94300,0.149511,,1.00e-04,0.3691
94400,0.102679,,1.00e-04,0.5026
94500,0.153378,,1.00e-04,0.4029
94600,0.113659,,1.00e-04,0.3369
94700,0.129392,,1.00e-04,0.4066
94800,0.114728,,1.00e-04,0.4069
94900,0.170257,,1.00e-04,0.3064
95000,0.156406,,1.00e-04,0.2656
95100,0.086574,,1.00e-04,0.4270
95200,0.114115,,1.00e-04,0.4318
95300,0.142102,,1.00e-04,0.3960
95400,0.143861,,1.00e-04,0.3430
95500,0.136637,,1.00e-04,0.4234
95600,0.132643,,1.00e-04,0.3745
95700,0.132637,,1.00e-04,0.4007
95800,0.152058,,1.00e-04,0.2885
95900,0.138851,,1.00e-04,0.2965
96000,0.110234,,1.00e-04,0.4136
96000,,0.137672,,
96100,0.152489,,1.00e-04,0.3231
96200,0.105316,,1.00e-04,0.3291
96300,0.121068,,1.00e-04,0.4057
96400,0.169653,,1.00e-04,0.3494
96500,0.139086,,1.00e-04,0.3450
96600,0.136946,,1.00e-04,0.3464
96700,0.112223,,1.00e-04,0.3353
96800,0.113897,,1.00e-04,0.4163
96900,0.124364,,1.00e-04,0.3816
97000,0.166883,,1.00e-04,0.3360
97100,0.151300,,1.00e-04,0.3233
97200,0.132859,,1.00e-04,0.5126
97300,0.106219,,1.00e-04,0.4047
97400,0.100231,,1.00e-04,0.4761
97500,0.153955,,1.00e-04,0.2954
97600,0.175764,,1.00e-04,0.3324
97700,0.150088,,1.00e-04,0.3558
97800,0.137820,,1.00e-04,0.3205
97900,0.112277,,1.00e-04,0.3667
98000,0.122130,,1.00e-04,0.3826
98000,,0.134141,,
98100,0.129365,,1.00e-04,0.4104
98200,0.110025,,1.00e-04,0.4152
98300,0.126113,,1.00e-04,0.4357
98400,0.119184,,1.00e-04,0.3172
98500,0.128280,,1.00e-04,0.4091
98600,0.131850,,1.00e-04,0.4005
98700,0.133357,,1.00e-04,0.3530
98800,0.110633,,1.00e-04,0.4089
98900,0.092015,,1.00e-04,0.4002
99000,0.143128,,1.00e-04,0.3480
99100,0.147923,,1.00e-04,0.3871
99200,0.118812,,1.00e-04,0.3435
99300,0.130699,,1.00e-04,0.3999
99400,0.132621,,1.00e-04,0.3720
99500,0.118414,,1.00e-04,0.5092
99600,0.114264,,1.00e-04,0.3785
99700,0.126309,,1.00e-04,0.5123
99800,0.130780,,1.00e-04,0.4762
99900,0.104713,,1.00e-04,0.4062
100000,0.120982,,1.00e-04,0.4557
100000,,0.139319,,
100100,0.119194,,1.00e-04,0.3453
100200,0.127487,,1.00e-04,0.3353
100300,0.114348,,1.00e-04,0.3837
100400,0.133616,,1.00e-04,0.3787
100500,0.103104,,1.00e-04,0.3962
100600,0.152565,,1.00e-04,0.3743
100700,0.155700,,1.00e-04,0.3527
100800,0.119575,,1.00e-04,0.5001
100900,0.130375,,1.00e-04,0.3366
101000,0.163200,,1.00e-04,0.3768
101100,0.114241,,1.00e-04,0.4356
101200,0.125339,,1.00e-04,0.3985
101300,0.113074,,1.00e-04,0.4218
101400,0.125773,,1.00e-04,0.3942
101500,0.086671,,1.00e-04,0.4104
101600,0.117322,,1.00e-04,0.4158
101700,0.116271,,1.00e-04,0.3711
101800,0.115981,,1.00e-04,0.4228
101900,0.134932,,1.00e-04,0.2924
102000,0.117903,,1.00e-04,0.3913
102000,,0.138279,,
102100,0.108464,,1.00e-04,0.4577
102200,0.080406,,1.00e-04,0.4821
102300,0.131601,,1.00e-04,0.3824
102400,0.104979,,1.00e-04,0.3243
102500,0.123323,,1.00e-04,0.3464
102600,0.115785,,1.00e-04,0.3565
102700,0.156231,,1.00e-04,0.4475
102800,0.099374,,1.00e-04,0.6226
102900,0.150120,,1.00e-04,0.3764
103000,0.140534,,1.00e-04,0.3712
103100,0.135863,,1.00e-04,0.3437
103200,0.113066,,1.00e-04,0.4466
103300,0.150153,,1.00e-04,0.3109
103400,0.078630,,1.00e-04,0.4628
103500,0.094864,,1.00e-04,0.4587
103600,0.123574,,1.00e-04,0.4329
103700,0.097204,,1.00e-04,0.4352
103800,0.161044,,1.00e-04,0.3343
103900,0.144402,,1.00e-04,0.4516
104000,0.128019,,1.00e-04,0.3418
104000,,0.144201,,
104100,0.129157,,1.00e-04,0.3682
104200,0.173540,,1.00e-04,0.3374
104300,0.122130,,1.00e-04,0.3631
104400,0.092934,,1.00e-04,0.3698
104500,0.121709,,1.00e-04,0.4516
104600,0.116456,,1.00e-04,0.4377
104700,0.082642,,1.00e-04,0.4130
104800,0.108319,,1.00e-04,0.3679
104900,0.156403,,1.00e-04,0.3052
105000,0.143899,,1.00e-04,0.2994
105100,0.111784,,1.00e-04,0.3913
105200,0.095538,,1.00e-04,0.5190
105300,0.153074,,1.00e-04,0.3565
105400,0.104016,,1.00e-04,0.4043
105500,0.121598,,1.00e-04,0.3540
105600,0.121777,,1.00e-04,0.3880
105700,0.127868,,1.00e-04,0.3802
105800,0.139636,,1.00e-04,0.3223
105900,0.138325,,1.00e-04,0.2898
106000,0.131941,,1.00e-04,0.3176
106000,,0.140112,,
106100,0.120753,,1.00e-04,0.3407
106200,0.129347,,1.00e-04,0.3924
106300,0.109104,,1.00e-04,0.4222
106400,0.129866,,1.00e-04,0.4666
106500,0.117495,,1.00e-04,0.4598
106600,0.100641,,1.00e-04,0.4280
106700,0.112209,,1.00e-04,0.4117
106800,0.130294,,1.00e-04,0.4916
106900,0.135207,,1.00e-04,0.3674
107000,0.125886,,1.00e-04,0.4043
107100,0.158817,,1.00e-04,0.3957
107200,0.126253,,1.00e-04,0.4150
107300,0.097763,,1.00e-04,0.4286
107400,0.098452,,1.00e-04,0.3720
107500,0.119835,,1.00e-04,0.4394
107600,0.100251,,1.00e-04,0.3590
107700,0.129805,,1.00e-04,0.4614
107800,0.131332,,1.00e-04,0.3236
107900,0.111240,,1.00e-04,0.3914
108000,0.113182,,1.00e-04,0.3883
108000,,0.139541,,
108100,0.159720,,1.00e-04,0.4098
108200,0.171653,,1.00e-04,0.3880
108300,0.130293,,1.00e-04,0.3718
108400,0.079591,,1.00e-04,0.4343
108500,0.096083,,1.00e-04,0.4901
108600,0.130809,,1.00e-04,0.4138
108700,0.170842,,1.00e-04,0.2978
108800,0.135402,,1.00e-04,0.3563
108900,0.101300,,1.00e-04,0.4297
109000,0.094238,,1.00e-04,0.4204
109100,0.087432,,1.00e-04,0.5059
109200,0.111137,,1.00e-04,0.3669
109300,0.102867,,1.00e-04,0.4221
109400,0.127479,,1.00e-04,0.3204
109500,0.093085,,1.00e-04,0.4514
109600,0.116005,,1.00e-04,0.4873
109700,0.119770,,1.00e-04,0.4607
109800,0.121138,,1.00e-04,0.3867
109900,0.094507,,1.00e-04,0.4004
110000,0.098846,,1.00e-04,0.3987
110000,,0.133161,,
110100,0.118298,,1.00e-04,0.4712
110200,0.105500,,1.00e-04,0.4522
110300,0.143731,,1.00e-04,0.2876
110400,0.115392,,1.00e-04,0.4149
110500,0.150935,,1.00e-04,0.3802
110600,0.157270,,1.00e-04,0.2369
110700,0.126353,,1.00e-04,0.3742
110800,0.133005,,1.00e-04,0.4416
110900,0.144845,,1.00e-04,0.3884
111000,0.109461,,1.00e-04,0.3654
111100,0.159192,,1.00e-04,0.3843
111200,0.132655,,1.00e-04,0.2889
111300,0.104361,,1.00e-04,0.4309
111400,0.142494,,1.00e-04,0.3539
111500,0.104372,,1.00e-04,0.5325
111600,0.098478,,1.00e-04,0.3745
111700,0.101375,,1.00e-04,0.5351
111800,0.101373,,1.00e-04,0.4191
111900,0.117019,,1.00e-04,0.3478
112000,0.110035,,1.00e-04,0.3113
112000,,0.143306,,
112100,0.110734,,1.00e-04,0.3835
112200,0.141127,,1.00e-04,0.4640
112300,0.134216,,1.00e-04,0.4078
112400,0.124818,,1.00e-04,0.4490
112500,0.111339,,1.00e-04,0.3789
112600,0.140657,,1.00e-04,0.3214
112700,0.110557,,1.00e-04,0.4030
112800,0.097106,,1.00e-04,0.4482
112900,0.151312,,1.00e-04,0.3698
113000,0.117258,,1.00e-04,0.4256
113100,0.111629,,1.00e-04,0.3480
113200,0.140973,,1.00e-04,0.3846
113300,0.168873,,1.00e-04,0.3888
113400,0.137332,,1.00e-04,0.3572
113500,0.110125,,1.00e-04,0.4466
113600,0.130233,,1.00e-04,0.2871
113700,0.189915,,1.00e-04,0.3121
113800,0.101745,,1.00e-04,0.4308
113900,0.105098,,1.00e-04,0.4301
114000,0.108845,,1.00e-04,0.4210
114000,,0.141654,,
114100,0.137402,,1.00e-04,0.4173
114200,0.102729,,1.00e-04,0.4631
114300,0.133692,,1.00e-04,0.5247
114400,0.123925,,1.00e-04,0.3592
114500,0.100755,,1.00e-04,0.5458
114600,0.100748,,1.00e-04,0.3582
114700,0.110578,,1.00e-04,0.4517
114800,0.113868,,1.00e-04,0.4221
114900,0.123580,,1.00e-04,0.3613
115000,0.097131,,1.00e-04,0.4128
115100,0.107835,,1.00e-04,0.4696
115200,0.153078,,1.00e-04,0.3667
115300,0.108952,,1.00e-04,0.4326
115400,0.126111,,1.00e-04,0.4370
115500,0.099343,,1.00e-04,0.5588
115600,0.105819,,1.00e-04,0.3881
115700,0.120124,,1.00e-04,0.4972
115800,0.101337,,1.00e-04,0.4094
115900,0.125641,,1.00e-04,0.4689
116000,0.151197,,1.00e-04,0.3140
116000,,0.132078,,
116100,0.119488,,1.00e-04,0.4195
116200,0.109361,,1.00e-04,0.4198
116300,0.120857,,1.00e-04,0.3645
116400,0.094843,,1.00e-04,0.4053
116500,0.142633,,1.00e-04,0.3104
116600,0.120775,,1.00e-04,0.3531
116700,0.101790,,1.00e-04,0.4414
116800,0.113970,,1.00e-04,0.4234
116900,0.152392,,1.00e-04,0.4201
117000,0.102989,,1.00e-04,0.4605
117100,0.133542,,1.00e-04,0.4368
117200,0.125184,,1.00e-04,0.4127
117300,0.098179,,1.00e-04,0.4417
117400,0.101004,,1.00e-04,0.3811
117500,0.147872,,1.00e-04,0.5205
117600,0.119077,,1.00e-04,0.3474
117700,0.154822,,1.00e-04,0.3355
117800,0.110301,,1.00e-04,0.4257
117900,0.134212,,1.00e-04,0.4357
118000,0.124894,,1.00e-04,0.4519
118000,,0.145927,,
118100,0.136830,,1.00e-04,0.3916
118200,0.125715,,1.00e-04,0.3904
118300,0.147845,,1.00e-04,0.3179
118400,0.141268,,1.00e-04,0.4616
118500,0.111097,,1.00e-04,0.4514
118600,0.095481,,1.00e-04,0.4815
118700,0.109762,,1.00e-04,0.4052
118800,0.120419,,1.00e-04,0.4081
118900,0.107106,,1.00e-04,0.4241
119000,0.104620,,1.00e-04,0.4242
119100,0.096538,,1.00e-04,0.3940
119200,0.137058,,1.00e-04,0.3259
119300,0.118771,,1.00e-04,0.4084
119400,0.133316,,1.00e-04,0.3458
119500,0.092763,,1.00e-04,0.4492
119600,0.093508,,1.00e-04,0.3685
119700,0.119534,,1.00e-04,0.3835
119800,0.120778,,1.00e-04,0.3765
119900,0.109577,,1.00e-04,0.4387
120000,0.097493,,1.00e-04,0.4715
120000,,0.142051,,
120100,0.102897,,1.00e-04,0.4469
120200,0.133821,,1.00e-04,0.3713
120300,0.120126,,1.00e-04,0.3770
120400,0.094274,,1.00e-04,0.5539
120500,0.123121,,1.00e-04,0.3452
120600,0.110087,,1.00e-04,0.3874
120700,0.088605,,1.00e-04,0.5956
120800,0.090813,,1.00e-04,0.5311
120900,0.124886,,1.00e-04,0.4509
121000,0.104356,,1.00e-04,0.4342
121100,0.111504,,1.00e-04,0.4664
121200,0.117150,,1.00e-04,0.4208
121300,0.153976,,1.00e-04,0.3967
121400,0.116649,,1.00e-04,0.4191
121500,0.130394,,1.00e-04,0.3854
121600,0.123597,,1.00e-04,0.4187
121700,0.090030,,1.00e-04,0.4362
121800,0.095289,,1.00e-04,0.4136
121900,0.120863,,1.00e-04,0.3391
122000,0.128722,,1.00e-04,0.3553
122000,,0.142307,,
122100,0.139895,,1.00e-04,0.4561
122200,0.106554,,1.00e-04,0.4317
122300,0.132409,,1.00e-04,0.3492
122400,0.093581,,1.00e-04,0.5527
122500,0.095953,,1.00e-04,0.4668
122600,0.114059,,1.00e-04,0.4065
122700,0.134704,,1.00e-04,0.3880
122800,0.098609,,1.00e-04,0.4450
122900,0.120895,,1.00e-04,0.3396
123000,0.149686,,1.00e-04,0.3401
123100,0.131521,,1.00e-04,0.3957
123200,0.132115,,1.00e-04,0.4431
123300,0.097389,,1.00e-04,0.3477
123400,0.155336,,1.00e-04,0.3502
123500,0.109350,,1.00e-04,0.3869
123600,0.097597,,1.00e-04,0.4931
123700,0.132628,,1.00e-04,0.3651
123800,0.161839,,1.00e-04,0.3598
123900,0.118342,,1.00e-04,0.3811
124000,0.141605,,1.00e-04,0.4120
124000,,0.134489,,
124100,0.140541,,1.00e-04,0.3437
124200,0.092234,,1.00e-04,0.5275
124300,0.120391,,1.00e-04,0.4695
124400,0.127593,,1.00e-04,0.4432
124500,0.131877,,1.00e-04,0.4268
124600,0.138494,,1.00e-04,0.3976
124700,0.111562,,1.00e-04,0.4653
124800,0.176587,,1.00e-04,0.3192
124900,0.145690,,1.00e-04,0.3540
125000,0.098500,,1.00e-04,0.4619
125100,0.098962,,1.00e-04,0.4207
125200,0.120846,,1.00e-04,0.3630
125300,0.140639,,1.00e-04,0.3623
125400,0.118863,,1.00e-04,0.5017
125500,0.096307,,1.00e-04,0.6101
125600,0.131076,,1.00e-04,0.3235
125700,0.086141,,1.00e-04,0.4978
125800,0.101519,,1.00e-04,0.4761
125900,0.155201,,1.00e-04,0.3538
126000,0.133617,,1.00e-04,0.5081
126000,,0.140740,,
126100,0.108019,,1.00e-04,0.4423
126200,0.146254,,1.00e-04,0.3832
126300,0.146001,,1.00e-04,0.4220
126400,0.103873,,1.00e-04,0.4284
126500,0.125407,,1.00e-04,0.3966
126600,0.129175,,1.00e-04,0.3899
126700,0.124261,,1.00e-04,0.4425
126800,0.123238,,1.00e-04,0.3943
126900,0.111486,,1.00e-04,0.5760
127000,0.149618,,1.00e-04,0.3428
127100,0.102556,,1.00e-04,0.4194
127200,0.180670,,1.00e-04,0.3600
127300,0.137343,,1.00e-04,0.3656
127400,0.110674,,1.00e-04,0.4327
127500,0.131577,,1.00e-04,0.3344
127600,0.140591,,1.00e-04,0.3187
127700,0.151564,,1.00e-04,0.4710
127800,0.112940,,1.00e-04,0.5168
127900,0.106257,,1.00e-04,0.4367
128000,0.119418,,1.00e-04,0.3838
128000,,0.136005,,
128100,0.125889,,1.00e-04,0.3816
128200,0.082735,,1.00e-04,0.4431
128300,0.117105,,1.00e-04,0.5277
128400,0.105976,,1.00e-04,0.4583
128500,0.113550,,1.00e-04,0.4197
128600,0.115175,,1.00e-04,0.3697
128700,0.141159,,1.00e-04,0.4060
128800,0.133432,,1.00e-04,0.3463
128900,0.092339,,1.00e-04,0.4871
129000,0.141147,,1.00e-04,0.4870
129100,0.136691,,1.00e-04,0.3909
129200,0.108295,,1.00e-04,0.3686
129300,0.098707,,1.00e-04,0.4582
129400,0.094768,,1.00e-04,0.5387
129500,0.097577,,1.00e-04,0.5228
129600,0.113642,,1.00e-04,0.4049
129700,0.081908,,1.00e-04,0.4067
129800,0.109244,,1.00e-04,0.4449
129900,0.125227,,1.00e-04,0.4449
130000,0.148774,,1.00e-04,0.3412
130000,,0.138568,,
130100,0.183416,,1.00e-04,0.3541
130200,0.119542,,1.00e-04,0.3749
130300,0.106209,,1.00e-04,0.4267
130400,0.110709,,1.00e-04,0.4212
130500,0.103759,,1.00e-04,0.3670
130600,0.099380,,1.00e-04,0.4190
130700,0.118336,,1.00e-04,0.4590
130800,0.115251,,1.00e-04,0.5758
130900,0.110007,,1.00e-04,0.4541
131000,0.079034,,1.00e-04,0.4740
131100,0.124045,,1.00e-04,0.3782
131200,0.116806,,1.00e-04,0.4366
131300,0.154717,,1.00e-04,0.2903
131400,0.135889,,1.00e-04,0.4922
131500,0.128775,,1.00e-04,0.3362
131600,0.115577,,1.00e-04,0.4586
131700,0.136173,,1.00e-04,0.3965
131800,0.129882,,1.00e-04,0.3841
131900,0.130419,,1.00e-04,0.4484
132000,0.102688,,1.00e-04,0.4949
132000,,0.132899,,
132100,0.124869,,1.00e-04,0.3814
132200,0.118281,,1.00e-04,0.4379
132300,0.138391,,1.00e-04,0.4451
132400,0.108272,,1.00e-04,0.3807
132500,0.097370,,1.00e-04,0.4763
132600,0.107998,,1.00e-04,0.3179
132700,0.086356,,1.00e-04,0.5110
132800,0.128350,,1.00e-04,0.3007
132900,0.112257,,1.00e-04,0.3250
133000,0.136456,,1.00e-04,0.4333
133100,0.147482,,1.00e-04,0.4017
133200,0.115166,,1.00e-04,0.4905
133300,0.132348,,1.00e-04,0.4463
133400,0.143008,,1.00e-04,0.4459
133500,0.108964,,1.00e-04,0.4695
133600,0.117541,,1.00e-04,0.4910
133700,0.098673,,1.00e-04,0.3353
133800,0.149711,,1.00e-04,0.4149
133900,0.106889,,1.00e-04,0.4284
134000,0.114302,,1.00e-04,0.4333
134000,,0.135390,,
134100,0.134824,,1.00e-04,0.4119
134200,0.107788,,1.00e-04,0.3718
134300,0.128468,,1.00e-04,0.3853
134400,0.135968,,1.00e-04,0.3680
134500,0.113568,,1.00e-04,0.3660
134600,0.093370,,1.00e-04,0.4294
134700,0.108467,,1.00e-04,0.4104
134800,0.143208,,1.00e-04,0.3301
134900,0.137799,,1.00e-04,0.4876
135000,0.139775,,1.00e-04,0.3842
135100,0.120908,,1.00e-04,0.4538
135200,0.099738,,1.00e-04,0.5192
135300,0.109816,,1.00e-04,0.4524
135400,0.115927,,1.00e-04,0.3605
135500,0.167000,,1.00e-04,0.3628
135600,0.130031,,1.00e-04,0.4903
135700,0.105528,,1.00e-04,0.4217
135800,0.125681,,1.00e-04,0.4776
135900,0.101993,,1.00e-04,0.3710
136000,0.104429,,1.00e-04,0.4914
136000,,0.131977,,
136100,0.098486,,1.00e-04,0.4480
136200,0.127412,,1.00e-04,0.4597
136300,0.124161,,1.00e-04,0.4843
136400,0.076316,,1.00e-04,0.5417
136500,0.107090,,1.00e-04,0.4032
136600,0.100642,,1.00e-04,0.5514
136700,0.120946,,1.00e-04,0.4501
136800,0.139577,,1.00e-04,0.3429
136900,0.088475,,1.00e-04,0.4918
137000,0.138995,,1.00e-04,0.3891
137100,0.109814,,1.00e-04,0.4634
137200,0.109372,,1.00e-04,0.3068
137300,0.152355,,1.00e-04,0.3831
137400,0.147245,,1.00e-04,0.3983
137500,0.097468,,1.00e-04,0.4754
137600,0.133414,,1.00e-04,0.4313
137700,0.128484,,1.00e-04,0.4439
137800,0.130250,,1.00e-04,0.3755
137900,0.128823,,1.00e-04,0.3948
138000,0.121807,,1.00e-04,0.4500
138000,,0.139977,,
138100,0.143987,,1.00e-04,0.4505
138200,0.100854,,1.00e-04,0.4448
138300,0.096340,,1.00e-04,0.4641
138400,0.131531,,1.00e-04,0.3382
138500,0.161879,,1.00e-04,0.3492
138600,0.159645,,1.00e-04,0.4546
138700,0.117083,,1.00e-04,0.5047
138800,0.090866,,1.00e-04,0.4481
138900,0.122506,,1.00e-04,0.3817
139000,0.128598,,1.00e-04,0.4592
139100,0.088791,,1.00e-04,0.4766
139200,0.112663,,1.00e-04,0.4131
139300,0.118975,,1.00e-04,0.3629
139400,0.080248,,1.00e-04,0.4390
139500,0.137063,,1.00e-04,0.3528
139600,0.169848,,1.00e-04,0.3206
139700,0.079271,,1.00e-04,0.5782
139800,0.152794,,1.00e-04,0.3701
139900,0.095883,,1.00e-04,0.5509
140000,0.123009,,1.00e-04,0.4452
140000,,0.126136,,
140100,0.150649,,1.00e-04,0.3004
140200,0.091011,,1.00e-04,0.4640
140300,0.100113,,1.00e-04,0.4619
140400,0.130431,,1.00e-04,0.4075
140500,0.151028,,1.00e-04,0.4763
140600,0.138935,,1.00e-04,0.4731
140700,0.100695,,1.00e-04,0.3997
140800,0.116898,,1.00e-04,0.3762
140900,0.133599,,1.00e-04,0.4238
141000,0.092667,,1.00e-04,0.4549
141100,0.107605,,1.00e-04,0.4567
141200,0.130983,,1.00e-04,0.4396
141300,0.111217,,1.00e-04,0.4493
141400,0.082078,,1.00e-04,0.4316
141500,0.128021,,1.00e-04,0.4293
141600,0.160107,,1.00e-04,0.3991
141700,0.077729,,1.00e-04,0.5483
141800,0.123007,,1.00e-04,0.3566
141900,0.111351,,1.00e-04,0.4736
142000,0.120104,,1.00e-04,0.3961
142000,,0.141782,,
142100,0.116556,,1.00e-04,0.4550
142200,0.090151,,1.00e-04,0.4598
142300,0.110069,,1.00e-04,0.4619
142400,0.133885,,1.00e-04,0.4414
142500,0.143502,,1.00e-04,0.3412
142600,0.160125,,1.00e-04,0.3695
142700,0.097921,,1.00e-04,0.5931
142800,0.106674,,1.00e-04,0.4236
142900,0.131345,,1.00e-04,0.3151
143000,0.147508,,1.00e-04,0.4073
143100,0.145337,,1.00e-04,0.3772
143200,0.104038,,1.00e-04,0.5170
143300,0.115345,,1.00e-04,0.5211
143400,0.102176,,1.00e-04,0.3783
143500,0.175101,,1.00e-04,0.2815
143600,0.131728,,1.00e-04,0.4333
143700,0.148888,,1.00e-04,0.4690
143800,0.112120,,1.00e-04,0.4442
143900,0.113871,,1.00e-04,0.3707
144000,0.084753,,1.00e-04,0.6106
144000,,0.144378,,
144100,0.148015,,1.00e-04,0.3651
144200,0.143750,,1.00e-04,0.3073
144300,0.160888,,1.00e-04,0.3520
144400,0.146430,,1.00e-04,0.4781
144500,0.106290,,1.00e-04,0.3812
144600,0.138042,,1.00e-04,0.3245
144700,0.154271,,1.00e-04,0.4224
144800,0.125894,,1.00e-04,0.3772
144900,0.088782,,1.00e-04,0.5517
145000,0.121516,,1.00e-04,0.3871
145100,0.112630,,1.00e-04,0.4814
145200,0.131885,,1.00e-04,0.4594
145300,0.088372,,1.00e-04,0.4684
145400,0.113210,,1.00e-04,0.4220
145500,0.114502,,1.00e-04,0.3296
145600,0.104852,,1.00e-04,0.4441
145700,0.140794,,1.00e-04,0.4415
145800,0.117727,,1.00e-04,0.3954
145900,0.124017,,1.00e-04,0.4242
146000,0.126490,,1.00e-04,0.4328
146000,,0.141883,,
146100,0.110023,,1.00e-04,0.4524
146200,0.110098,,1.00e-04,0.4633
146300,0.111140,,1.00e-04,0.5458
146400,0.169541,,1.00e-04,0.3827
146500,0.132896,,1.00e-04,0.4723
146600,0.111629,,1.00e-04,0.3546
146700,0.143498,,1.00e-04,0.3547
146800,0.138191,,1.00e-04,0.3943
146900,0.144097,,1.00e-04,0.4746
147000,0.096661,,1.00e-04,0.4561
147100,0.094170,,1.00e-04,0.5001
147200,0.125067,,1.00e-04,0.4339
147300,0.120464,,1.00e-04,0.3939
147400,0.148191,,1.00e-04,0.3045
147500,0.100427,,1.00e-04,0.4628
147600,0.101980,,1.00e-04,0.4580
147700,0.105416,,1.00e-04,0.4308
147800,0.096283,,1.00e-04,0.3823
147900,0.134947,,1.00e-04,0.3455
148000,0.099841,,1.00e-04,0.5282
148000,,0.141632,,
148100,0.140326,,1.00e-04,0.4306
148200,0.088204,,1.00e-04,0.4347
148300,0.160479,,1.00e-04,0.3082
148400,0.123997,,1.00e-04,0.4807
148500,0.107606,,1.00e-04,0.5698
148600,0.138572,,1.00e-04,0.4179
148700,0.132989,,1.00e-04,0.4724
148800,0.123034,,1.00e-04,0.5368
148900,0.127216,,1.00e-04,0.5354
149000,0.110404,,1.00e-04,0.4833
149100,0.116840,,1.00e-04,0.4072
149200,0.134118,,1.00e-04,0.3944
149300,0.102481,,1.00e-04,0.4671
149400,0.123178,,1.00e-04,0.3543
149500,0.158184,,1.00e-04,0.4042
149600,0.119583,,1.00e-04,0.4148
149700,0.124022,,1.00e-04,0.4220
149800,0.069904,,1.00e-04,0.5366
149900,0.152582,,1.00e-04,0.3466
150000,0.116768,,1.00e-04,0.3402
150000,,0.145538,,
150100,0.116975,,1.00e-04,0.3663
150200,0.105046,,1.00e-04,0.3749
150300,0.136788,,1.00e-04,0.3657
150400,0.140289,,1.00e-04,0.4084
150500,0.119988,,1.00e-04,0.3879
150600,0.101361,,1.00e-04,0.5779
150700,0.161376,,1.00e-04,0.3878
150800,0.145813,,1.00e-04,0.4012
150900,0.136203,,1.00e-04,0.4423
151000,0.114197,,1.00e-04,0.5112
151100,0.135140,,1.00e-04,0.5157
151200,0.153461,,1.00e-04,0.4720
151300,0.121951,,1.00e-04,0.4033
151400,0.155277,,1.00e-04,0.3446
151500,0.132541,,1.00e-04,0.3019
151600,0.126377,,1.00e-04,0.4296
151700,0.113994,,1.00e-04,0.3530
151800,0.107365,,1.00e-04,0.4408
151900,0.106332,,1.00e-04,0.5226
152000,0.116306,,1.00e-04,0.3921
152000,,0.133290,,
152100,0.141117,,1.00e-04,0.4745
152200,0.180090,,1.00e-04,0.3186
152300,0.124923,,1.00e-04,0.5077
152400,0.093302,,1.00e-04,0.5494
152500,0.099295,,1.00e-04,0.4708
152600,0.113117,,1.00e-04,0.3959
152700,0.123153,,1.00e-04,0.4454
152800,0.140789,,1.00e-04,0.4065
152900,0.138667,,1.00e-04,0.3556
153000,0.155367,,1.00e-04,0.3863
153100,0.100854,,1.00e-04,0.5240
153200,0.134132,,1.00e-04,0.4231
153300,0.148133,,1.00e-04,0.4047
153400,0.142029,,1.00e-04,0.4106
153500,0.148753,,1.00e-04,0.5077
153600,0.103892,,1.00e-04,0.4371
153700,0.090414,,1.00e-04,0.4935
153800,0.106758,,1.00e-04,0.4383
153900,0.092828,,1.00e-04,0.5124
154000,0.105968,,1.00e-04,0.4319
154000,,0.136765,,
154100,0.090783,,1.00e-04,0.4708
154200,0.116184,,1.00e-04,0.4349
154300,0.118338,,1.00e-04,0.4038
154400,0.117450,,1.00e-04,0.3721
154500,0.113478,,1.00e-04,0.4705
154600,0.159729,,1.00e-04,0.3992
154700,0.137085,,1.00e-04,0.4517
154800,0.160911,,1.00e-04,0.4405
154900,0.123947,,1.00e-04,0.4224
155000,0.122876,,1.00e-04,0.3398
155100,0.133796,,1.00e-04,0.3375
155200,0.169460,,1.00e-04,0.4988
155300,0.127688,,1.00e-04,0.4254
155400,0.117324,,1.00e-04,0.4497
155500,0.150635,,1.00e-04,0.4545
155600,0.128206,,1.00e-04,0.3430
155700,0.131170,,1.00e-04,0.4228
155800,0.131750,,1.00e-04,0.4760
155900,0.113288,,1.00e-04,0.3930
156000,0.122003,,1.00e-04,0.4666
156000,,0.145269,,
156100,0.100967,,1.00e-04,0.4613
156200,0.127778,,1.00e-04,0.3941
156300,0.120679,,1.00e-04,0.4344
156400,0.112421,,1.00e-04,0.3497
156500,0.121128,,1.00e-04,0.4099
156600,0.138200,,1.00e-04,0.4393
156700,0.133630,,1.00e-04,0.3928
156800,0.113659,,1.00e-04,0.4207
156900,0.173247,,1.00e-04,0.4170
157000,0.154050,,1.00e-04,0.4004
157100,0.113525,,1.00e-04,0.4890
157200,0.136287,,1.00e-04,0.4169
157300,0.118078,,1.00e-04,0.4024
157400,0.131107,,1.00e-04,0.3951
157500,0.080375,,1.00e-04,0.5050
157600,0.104743,,1.00e-04,0.4993
157700,0.124857,,1.00e-04,0.4727
157800,0.131553,,1.00e-04,0.3681
157900,0.140963,,1.00e-04,0.3630
158000,0.136437,,1.00e-04,0.4402
158000,,0.137003,,
158100,0.089463,,1.00e-04,0.4941
158200,0.138065,,1.00e-04,0.3796
158300,0.110423,,1.00e-04,0.4051
158400,0.121822,,1.00e-04,0.4390
158500,0.105951,,1.00e-04,0.4848
158600,0.103677,,1.00e-04,0.6802
158700,0.119751,,1.00e-04,0.4172
158800,0.125066,,1.00e-04,0.3587
158900,0.175832,,1.00e-04,0.3560
159000,0.123870,,1.00e-04,0.4434
159100,0.091658,,1.00e-04,0.3298
159200,0.136539,,1.00e-04,0.4356
159300,0.124795,,1.00e-04,0.4798
159400,0.098834,,1.00e-04,0.4552
159500,0.069166,,1.00e-04,0.5859
159600,0.112370,,1.00e-04,0.3824
159700,0.102905,,1.00e-04,0.4173
159800,0.085253,,1.00e-04,0.5242
159900,0.117848,,1.00e-04,0.3659
160000,0.126203,,1.00e-04,0.3316
160000,,0.138656,,
160100,0.121703,,1.00e-04,0.3985
160200,0.138086,,1.00e-04,0.3349
160300,0.130303,,1.00e-04,0.4854
160400,0.099616,,1.00e-04,0.4563
160500,0.116886,,1.00e-04,0.5560
160600,0.118061,,1.00e-04,0.4992
160700,0.086589,,1.00e-04,0.4686
160800,0.119964,,1.00e-04,0.3722
160900,0.125134,,1.00e-04,0.4572
161000,0.129308,,1.00e-04,0.4438
161100,0.093797,,1.00e-04,0.3788
161200,0.145640,,1.00e-04,0.4431
161300,0.140710,,1.00e-04,0.3840
161400,0.105465,,1.00e-04,0.3712
161500,0.111192,,1.00e-04,0.4287
161600,0.091809,,1.00e-04,0.3975
161700,0.144849,,1.00e-04,0.5424
161800,0.110671,,1.00e-04,0.3659
161900,0.169875,,1.00e-04,0.5635
162000,0.067151,,1.00e-04,0.4924
162000,,0.142480,,
162100,0.102692,,1.00e-04,0.4598
162200,0.122390,,1.00e-04,0.4777
162300,0.136844,,1.00e-04,0.3617
162400,0.106019,,1.00e-04,0.5547
162500,0.130364,,1.00e-04,0.4404
162600,0.104794,,1.00e-04,0.4815
162700,0.100036,,1.00e-04,0.4292
162800,0.093785,,1.00e-04,0.5261
162900,0.104655,,1.00e-04,0.4001
163000,0.119416,,1.00e-04,0.3172
163100,0.138667,,1.00e-04,0.3591
163200,0.107412,,1.00e-04,0.5015
163300,0.135280,,1.00e-04,0.3889
163400,0.110248,,1.00e-04,0.4940
163500,0.104752,,1.00e-04,0.3920
163600,0.114229,,1.00e-04,0.4881
163700,0.122848,,1.00e-04,0.4084
163800,0.133821,,1.00e-04,0.4526
163900,0.122614,,1.00e-04,0.4097
164000,0.101995,,1.00e-04,0.4539
164000,,0.135121,,
164100,0.102663,,1.00e-04,0.5271
164200,0.116308,,1.00e-04,0.3933
164300,0.135658,,1.00e-04,0.4154
164400,0.095802,,1.00e-04,0.4421
164500,0.113664,,1.00e-04,0.5334
164600,0.106742,,1.00e-04,0.4249
164700,0.125450,,1.00e-04,0.4061
164800,0.128768,,1.00e-04,0.5303
164900,0.126768,,1.00e-04,0.4696
165000,0.107823,,1.00e-04,0.3310
165100,0.103098,,1.00e-04,0.4346
165200,0.083876,,1.00e-04,0.5244
165300,0.120713,,1.00e-04,0.4839
165400,0.094728,,1.00e-04,0.5104
165500,0.138090,,1.00e-04,0.4685
165600,0.132201,,1.00e-04,0.4156
165700,0.084690,,1.00e-04,0.5662
165800,0.124492,,1.00e-04,0.3712
165900,0.092912,,1.00e-04,0.4116
166000,0.115360,,1.00e-04,0.3499
166000,,0.141913,,
166100,0.138677,,1.00e-04,0.4638
166200,0.109594,,1.00e-04,0.3736
166300,0.105945,,1.00e-04,0.5157
166400,0.148412,,1.00e-04,0.3514
166500,0.138707,,1.00e-04,0.3975
166600,0.116844,,1.00e-04,0.4719
166700,0.111181,,1.00e-04,0.4878
166800,0.122993,,1.00e-04,0.4222
166900,0.085744,,1.00e-04,0.4589
167000,0.110120,,1.00e-04,0.4488
167100,0.089056,,1.00e-04,0.5064
167200,0.109833,,1.00e-04,0.5203
167300,0.145618,,1.00e-04,0.3783
167400,0.115969,,1.00e-04,0.4682
167500,0.114352,,1.00e-04,0.4568
167600,0.132274,,1.00e-04,0.3701
167700,0.095347,,1.00e-04,0.4156
167800,0.129543,,1.00e-04,0.4005
167900,0.126454,,1.00e-04,0.4830
168000,0.104306,,1.00e-04,0.6167
168000,,0.139810,,
168100,0.131495,,1.00e-04,0.4469
168200,0.095993,,1.00e-04,0.4285
168300,0.178001,,1.00e-04,0.4698
168400,0.142706,,1.00e-04,0.3871
168500,0.128303,,1.00e-04,0.4248
168600,0.153541,,1.00e-04,0.4464
168700,0.112539,,1.00e-04,0.3811
168800,0.121624,,1.00e-04,0.4572
168900,0.095447,,1.00e-04,0.4882
169000,0.138038,,1.00e-04,0.4910
169100,0.115007,,1.00e-04,0.3176
169200,0.118341,,1.00e-04,0.3577
169300,0.141691,,1.00e-04,0.4216
169400,0.148133,,1.00e-04,0.3753
169500,0.109408,,1.00e-04,0.4730
169600,0.135932,,1.00e-04,0.3817
169700,0.129557,,1.00e-04,0.3854
169800,0.114103,,1.00e-04,0.4237
169900,0.148572,,1.00e-04,0.4205
170000,0.144639,,1.00e-04,0.3698
170000,,0.139509,,
170100,0.096858,,1.00e-04,0.4669
170200,0.125721,,1.00e-04,0.4648
170300,0.160975,,1.00e-04,0.2832
170400,0.129988,,1.00e-04,0.5426
170500,0.150285,,1.00e-04,0.3404
170600,0.123787,,1.00e-04,0.5036
170700,0.123708,,1.00e-04,0.4306
170800,0.126201,,1.00e-04,0.3714
170900,0.064573,,1.00e-04,0.5772
171000,0.128940,,1.00e-04,0.3699
171100,0.114571,,1.00e-04,0.4206
171200,0.124604,,1.00e-04,0.4165
171300,0.100073,,1.00e-04,0.4419
171400,0.136875,,1.00e-04,0.3902
171500,0.153908,,1.00e-04,0.4056
171600,0.086356,,1.00e-04,0.4657
171700,0.121283,,1.00e-04,0.4946
171800,0.123929,,1.00e-04,0.4000
171900,0.095580,,1.00e-04,0.4439
172000,0.087745,,1.00e-04,0.5968
172000,,0.131889,,
172100,0.144308,,1.00e-04,0.4169
172200,0.127468,,1.00e-04,0.4599
172300,0.112072,,1.00e-04,0.3371
172400,0.125878,,1.00e-04,0.4145
172500,0.107605,,1.00e-04,0.4254
172600,0.092248,,1.00e-04,0.4284
172700,0.076314,,1.00e-04,0.5414
172800,0.127581,,1.00e-04,0.4089
172900,0.121043,,1.00e-04,0.3983
173000,0.150393,,1.00e-04,0.4693
173100,0.133255,,1.00e-04,0.3916
173200,0.123677,,1.00e-04,0.5306
173300,0.142246,,1.00e-04,0.4616
173400,0.086785,,1.00e-04,0.5693
173500,0.087551,,1.00e-04,0.5492
173600,0.138412,,1.00e-04,0.4089
173700,0.113166,,1.00e-04,0.5881
173800,0.088503,,1.00e-04,0.4495
173900,0.116976,,1.00e-04,0.4088
174000,0.098220,,1.00e-04,0.4613
174000,,0.138418,,
174100,0.142045,,1.00e-04,0.4222
174200,0.125935,,1.00e-04,0.3945
174300,0.102170,,1.00e-04,0.4803
174400,0.106518,,1.00e-04,0.4002
174500,0.125335,,1.00e-04,0.5419
174600,0.149473,,1.00e-04,0.3883
174700,0.120060,,1.00e-04,0.4008
174800,0.106054,,1.00e-04,0.6391
174900,0.138520,,1.00e-04,0.3427
175000,0.123095,,1.00e-04,0.4385
175100,0.114921,,1.00e-04,0.3544
175200,0.100106,,1.00e-04,0.4582
175300,0.176994,,1.00e-04,0.2992
175400,0.091832,,1.00e-04,0.5471
175500,0.115792,,1.00e-04,0.5052
175600,0.087211,,1.00e-04,0.5464
175700,0.094845,,1.00e-04,0.4901
175800,0.122239,,1.00e-04,0.4866
175900,0.096634,,1.00e-04,0.5124
176000,0.132058,,1.00e-04,0.3583
176000,,0.136594,,
176100,0.091127,,1.00e-04,0.5411
176200,0.157470,,1.00e-04,0.3526
176300,0.120885,,1.00e-04,0.4877
176400,0.117686,,1.00e-04,0.3978
176500,0.085745,,1.00e-04,0.4963
176600,0.110822,,1.00e-04,0.4618
176700,0.141709,,1.00e-04,0.3519
176800,0.137895,,1.00e-04,0.3268
176900,0.143923,,1.00e-04,0.3984
177000,0.155734,,1.00e-04,0.3945
177100,0.132195,,1.00e-04,0.4079
177200,0.126900,,1.00e-04,0.3589
177300,0.113391,,1.00e-04,0.4202
177400,0.125382,,1.00e-04,0.4656
177500,0.118602,,1.00e-04,0.4893
177600,0.127148,,1.00e-04,0.3913
177700,0.103727,,1.00e-04,0.4560
177800,0.118253,,1.00e-04,0.5167
177900,0.124720,,1.00e-04,0.3821
178000,0.123247,,1.00e-04,0.5236
178000,,0.138079,,
178100,0.109956,,1.00e-04,0.4493
178200,0.131755,,1.00e-04,0.4287
178300,0.139468,,1.00e-04,0.4331
178400,0.116315,,1.00e-04,0.4330
178500,0.103582,,1.00e-04,0.5119
178600,0.131561,,1.00e-04,0.4569
178700,0.093178,,1.00e-04,0.4720
178800,0.103067,,1.00e-04,0.4172
178900,0.134512,,1.00e-04,0.3709
179000,0.138194,,1.00e-04,0.5780
179100,0.106619,,1.00e-04,0.4356
179200,0.130705,,1.00e-04,0.4037
179300,0.128366,,1.00e-04,0.4997
179400,0.133567,,1.00e-04,0.4824
179500,0.203472,,1.00e-04,0.4017
179600,0.136450,,1.00e-04,0.5109
179700,0.092905,,1.00e-04,0.3229
179800,0.155257,,1.00e-04,0.4194
179900,0.129752,,1.00e-04,0.3960
180000,0.124153,,1.00e-04,0.4519
180000,,0.138093,,
180100,0.140612,,1.00e-04,0.4831
180200,0.106828,,1.00e-04,0.4028
180300,0.099106,,1.00e-04,0.4933
180400,0.122088,,1.00e-04,0.4617
180500,0.103554,,1.00e-04,0.3786
180600,0.169824,,1.00e-04,0.4448
180700,0.126423,,1.00e-04,0.5063
180800,0.117202,,1.00e-04,0.3856
180900,0.115371,,1.00e-04,0.4020
181000,0.151475,,1.00e-04,0.5315
181100,0.105335,,1.00e-04,0.4171
181200,0.112087,,1.00e-04,0.5123
181300,0.103672,,1.00e-04,0.4430
181400,0.105901,,1.00e-04,0.5360
181500,0.110782,,1.00e-04,0.4971
181600,0.095348,,1.00e-04,0.4451
181700,0.130004,,1.00e-04,0.4284
181800,0.134386,,1.00e-04,0.4438
181900,0.118028,,1.00e-04,0.4710
182000,0.114806,,1.00e-04,0.4849
182000,,0.141725,,
182100,0.123408,,1.00e-04,0.4213
182200,0.129218,,1.00e-04,0.5146
182300,0.138795,,1.00e-04,0.3253
182400,0.150453,,1.00e-04,0.4273
182500,0.142986,,1.00e-04,0.3437
182600,0.130831,,1.00e-04,0.3396
182700,0.167899,,1.00e-04,0.4256
182800,0.147849,,1.00e-04,0.4542
182900,0.110406,,1.00e-04,0.3937
183000,0.095005,,1.00e-04,0.4689
183100,0.147970,,1.00e-04,0.4449
183200,0.105902,,1.00e-04,0.5377
183300,0.128535,,1.00e-04,0.4719
183400,0.113828,,1.00e-04,0.5306
183500,0.140866,,1.00e-04,0.5412
183600,0.092696,,1.00e-04,0.4438
183700,0.108783,,1.00e-04,0.4314
183800,0.098457,,1.00e-04,0.5235
183900,0.099066,,1.00e-04,0.5588
184000,0.118159,,1.00e-04,0.4696
184000,,0.138771,,
184100,0.120094,,1.00e-04,0.3676
184200,0.121747,,1.00e-04,0.4307
184300,0.118932,,1.00e-04,0.4650
184400,0.135181,,1.00e-04,0.4897
184500,0.115098,,1.00e-04,0.4353
184600,0.124878,,1.00e-04,0.5177
184700,0.124130,,1.00e-04,0.4134
184800,0.114182,,1.00e-04,0.4434
184900,0.139298,,1.00e-04,0.5206
185000,0.104415,,1.00e-04,0.3527
185100,0.115602,,1.00e-04,0.5604
185200,0.096844,,1.00e-04,0.6071
185300,0.110488,,1.00e-04,0.5182
185400,0.166911,,1.00e-04,0.3473
185500,0.100490,,1.00e-04,0.5374
185600,0.095942,,1.00e-04,0.5048
185700,0.116911,,1.00e-04,0.4419
185800,0.089548,,1.00e-04,0.5725
185900,0.094289,,1.00e-04,0.5123
186000,0.122882,,1.00e-04,0.4076
186000,,0.135322,,
186100,0.108969,,1.00e-04,0.4250
186200,0.106256,,1.00e-04,0.4602
186300,0.076806,,1.00e-04,0.6755
186400,0.124097,,1.00e-04,0.4301
186500,0.105033,,1.00e-04,0.4705
186600,0.097891,,1.00e-04,0.5521
186700,0.110991,,1.00e-04,0.4921
186800,0.140322,,1.00e-04,0.3707
186900,0.115770,,1.00e-04,0.4445
187000,0.069037,,1.00e-04,0.5718
187100,0.091498,,1.00e-04,0.5019
187200,0.108329,,1.00e-04,0.4761
187300,0.087510,,1.00e-04,0.5171
187400,0.115973,,1.00e-04,0.3832
187500,0.089050,,1.00e-04,0.4329
187600,0.120152,,1.00e-04,0.6213
187700,0.147497,,1.00e-04,0.3515
187800,0.117676,,1.00e-04,0.3858
187900,0.121311,,1.00e-04,0.4059
188000,0.091296,,1.00e-04,0.4712
188000,,0.134520,,
188100,0.095431,,1.00e-04,0.4874
188200,0.096923,,1.00e-04,0.5024
188300,0.120138,,1.00e-04,0.4935
188400,0.108403,,1.00e-04,0.4741
188500,0.121828,,1.00e-04,0.4193
188600,0.135541,,1.00e-04,0.4232
188700,0.112829,,1.00e-04,0.4357
188800,0.126910,,1.00e-04,0.3138
188900,0.153647,,1.00e-04,0.3234
189000,0.109810,,1.00e-04,0.4718
189100,0.106637,,1.00e-04,0.4682
189200,0.095659,,1.00e-04,0.5759
189300,0.106313,,1.00e-04,0.4757
189400,0.143639,,1.00e-04,0.3925
189500,0.159278,,1.00e-04,0.3962
189600,0.129240,,1.00e-04,0.4280
189700,0.144556,,1.00e-04,0.3564
189800,0.072231,,1.00e-04,0.7390
189900,0.101439,,1.00e-04,0.5524
190000,0.088387,,1.00e-04,0.6012
190000,,0.134800,,
190100,0.095267,,1.00e-04,0.5566
190200,0.122039,,1.00e-04,0.5718
190300,0.118197,,1.00e-04,0.4390
190400,0.122730,,1.00e-04,0.3783
190500,0.093506,,1.00e-04,0.5143
190600,0.074793,,1.00e-04,0.6133
190700,0.123645,,1.00e-04,0.4304
190800,0.146335,,1.00e-04,0.5117
190900,0.090062,,1.00e-04,0.5867
191000,0.145921,,1.00e-04,0.3796
191100,0.129380,,1.00e-04,0.5290
191200,0.123339,,1.00e-04,0.4042
191300,0.124145,,1.00e-04,0.5814
191400,0.126519,,1.00e-04,0.4089
191500,0.117484,,1.00e-04,0.4244
191600,0.102655,,1.00e-04,0.4698
191700,0.100265,,1.00e-04,0.4552
191800,0.130846,,1.00e-04,0.4326
191900,0.092984,,1.00e-04,0.4300
192000,0.149518,,1.00e-04,0.3634
192000,,0.127610,,
192100,0.108575,,1.00e-04,0.5231
192200,0.159776,,1.00e-04,0.4979
192300,0.127842,,1.00e-04,0.2938
192400,0.121535,,1.00e-04,0.4934
192500,0.105107,,1.00e-04,0.4163
192600,0.128039,,1.00e-04,0.3641
192700,0.123756,,1.00e-04,0.4781
192800,0.122478,,1.00e-04,0.3512
192900,0.085176,,1.00e-04,0.5198
193000,0.116641,,1.00e-04,0.6003
193100,0.142174,,1.00e-04,0.4460
193200,0.147026,,1.00e-04,0.4398
193300,0.119843,,1.00e-04,0.4306
193400,0.089059,,1.00e-04,0.5104
193500,0.143307,,1.00e-04,0.4033
193600,0.119495,,1.00e-04,0.4184
193700,0.108683,,1.00e-04,0.4289
193800,0.147484,,1.00e-04,0.3851
193900,0.126058,,1.00e-04,0.4092
194000,0.082508,,1.00e-04,0.5223
194000,,0.136899,,
194100,0.123426,,1.00e-04,0.3536
194200,0.175541,,1.00e-04,0.3508
194300,0.074601,,1.00e-04,0.5288
194400,0.101542,,1.00e-04,0.4138
194500,0.103755,,1.00e-04,0.4535
194600,0.100363,,1.00e-04,0.4756
194700,0.147036,,1.00e-04,0.4202
194800,0.151151,,1.00e-04,0.4214
194900,0.122476,,1.00e-04,0.4023
195000,0.145348,,1.00e-04,0.4397
195100,0.135241,,1.00e-04,0.3967
195200,0.120840,,1.00e-04,0.4949
195300,0.099649,,1.00e-04,0.4755
195400,0.148200,,1.00e-04,0.4794
195500,0.171961,,1.00e-04,0.3689
195600,0.123654,,1.00e-04,0.4746
195700,0.103635,,1.00e-04,0.5325
195800,0.110462,,1.00e-04,0.4354
195900,0.099222,,1.00e-04,0.5572
196000,0.129406,,1.00e-04,0.4480
196000,,0.136429,,
196100,0.103530,,1.00e-04,0.4324
196200,0.118154,,1.00e-04,0.4130
196300,0.147032,,1.00e-04,0.5013
196400,0.137578,,1.00e-04,0.4005
196500,0.118014,,1.00e-04,0.5223
196600,0.087261,,1.00e-04,0.5479
196700,0.150887,,1.00e-04,0.3623
196800,0.140174,,1.00e-04,0.4750
196900,0.097761,,1.00e-04,0.4087
197000,0.117589,,1.00e-04,0.4136
197100,0.106609,,1.00e-04,0.4054
197200,0.131512,,1.00e-04,0.4446
197300,0.119173,,1.00e-04,0.4538
197400,0.142155,,1.00e-04,0.3750
197500,0.109143,,1.00e-04,0.4882
197600,0.127065,,1.00e-04,0.5298
197700,0.113519,,1.00e-04,0.4516
197800,0.080881,,1.00e-04,0.5342
197900,0.115693,,1.00e-04,0.4110
198000,0.110688,,1.00e-04,0.4321
198000,,0.138429,,
198100,0.113173,,1.00e-04,0.4598
198200,0.101697,,1.00e-04,0.4906
198300,0.149577,,1.00e-04,0.4087
198400,0.123136,,1.00e-04,0.4034
198500,0.103971,,1.00e-04,0.4930
198600,0.139919,,1.00e-04,0.4786
198700,0.135669,,1.00e-04,0.4926
198800,0.145441,,1.00e-04,0.3633
198900,0.121785,,1.00e-04,0.5979
199000,0.083565,,1.00e-04,0.5506
199100,0.095899,,1.00e-04,0.6030
199200,0.104828,,1.00e-04,0.4129
199300,0.112549,,1.00e-04,0.4779
199400,0.101286,,1.00e-04,0.4705
199500,0.125755,,1.00e-04,0.4624
199600,0.143305,,1.00e-04,0.4895
199700,0.123072,,1.00e-04,0.4535
199800,0.115881,,1.00e-04,0.3681
199900,0.106844,,1.00e-04,0.4091
200000,0.084373,,1.00e-04,0.6028
200000,,0.142128,,
200100,0.119730,,1.00e-04,0.4229
200200,0.125741,,1.00e-04,0.4161
200300,0.106319,,1.00e-04,0.5407
200400,0.165284,,1.00e-04,0.3979
200500,0.120759,,1.00e-04,0.4761
200600,0.129065,,1.00e-04,0.4982
200700,0.087601,,1.00e-04,0.5077
200800,0.095136,,1.00e-04,0.5024
200900,0.124454,,1.00e-04,0.5027
201000,0.098287,,1.00e-04,0.5075
201100,0.102439,,1.00e-04,0.4134
201200,0.109911,,1.00e-04,0.4469
201300,0.132841,,1.00e-04,0.3124
201400,0.159224,,1.00e-04,0.4554
201500,0.138942,,1.00e-04,0.3943
201600,0.128131,,1.00e-04,0.3666
201700,0.112218,,1.00e-04,0.4045
201800,0.114253,,1.00e-04,0.4390
201900,0.122997,,1.00e-04,0.4285
202000,0.113410,,1.00e-04,0.4636
202000,,0.135293,,
202100,0.132004,,1.00e-04,0.4377
202200,0.132743,,1.00e-04,0.3384
202300,0.135529,,1.00e-04,0.4726
202400,0.102952,,1.00e-04,0.4788
202500,0.104327,,1.00e-04,0.5435
202600,0.101241,,1.00e-04,0.4181
202700,0.138521,,1.00e-04,0.5728
202800,0.099654,,1.00e-04,0.3806
202900,0.100820,,1.00e-04,0.5195
203000,0.139114,,1.00e-04,0.3576
203100,0.118228,,1.00e-04,0.4424
203200,0.098845,,1.00e-04,0.4525
203300,0.116235,,1.00e-04,0.4074
203400,0.105627,,1.00e-04,0.5500
203500,0.078204,,1.00e-04,0.5633
203600,0.112350,,1.00e-04,0.3593
203700,0.134301,,1.00e-04,0.4839
203800,0.109830,,1.00e-04,0.4218
203900,0.096197,,1.00e-04,0.4600
204000,0.160505,,1.00e-04,0.5927
204000,,0.143665,,
204100,0.113598,,1.00e-04,0.4606
204200,0.093160,,1.00e-04,0.5172
204300,0.130071,,1.00e-04,0.3619
204400,0.116169,,1.00e-04,0.4607
204500,0.106664,,1.00e-04,0.5182
204600,0.100945,,1.00e-04,0.4361
204700,0.105242,,1.00e-04,0.4831
204800,0.115185,,1.00e-04,0.4728
204900,0.113179,,1.00e-04,0.5627
205000,0.118202,,1.00e-04,0.4864
205100,0.130512,,1.00e-04,0.4843
205200,0.143582,,1.00e-04,0.4500
205300,0.086845,,1.00e-04,0.5144
205400,0.133460,,1.00e-04,0.4232
205500,0.095141,,1.00e-04,0.6373
205600,0.136820,,1.00e-04,0.4653
205700,0.139121,,1.00e-04,0.5445
205800,0.111817,,1.00e-04,0.5272
205900,0.137920,,1.00e-04,0.4630
206000,0.142611,,1.00e-04,0.3645
206000,,0.136295,,
206100,0.107515,,1.00e-04,0.4767
206200,0.143281,,1.00e-04,0.3712
206300,0.150014,,1.00e-04,0.4040
206400,0.144814,,1.00e-04,0.4021
206500,0.130371,,1.00e-04,0.5064
206600,0.140487,,1.00e-04,0.4132
206700,0.129042,,1.00e-04,0.4183
206800,0.137420,,1.00e-04,0.3254
206900,0.129494,,1.00e-04,0.3041
207000,0.088769,,1.00e-04,0.5690
207100,0.101332,,1.00e-04,0.5417
207200,0.087317,,1.00e-04,0.5284
207300,0.111342,,1.00e-04,0.4498
207400,0.091579,,1.00e-04,0.5277
207500,0.099734,,1.00e-04,0.5426
207600,0.135154,,1.00e-04,0.3289
207700,0.125931,,1.00e-04,0.4689
207800,0.096926,,1.00e-04,0.5126
207900,0.086755,,1.00e-04,0.4425
208000,0.148862,,1.00e-04,0.4370
208000,,0.138335,,
208100,0.117553,,1.00e-04,0.3896
208200,0.091862,,1.00e-04,0.3963
208300,0.128957,,1.00e-04,0.4746
208400,0.121477,,1.00e-04,0.5294
208500,0.085492,,1.00e-04,0.5416
208600,0.097148,,1.00e-04,0.4590
208700,0.141220,,1.00e-04,0.3801
208800,0.103309,,1.00e-04,0.4280
208900,0.128090,,1.00e-04,0.3806
209000,0.118359,,1.00e-04,0.5326
209100,0.109439,,1.00e-04,0.3529
209200,0.107614,,1.00e-04,0.4977
209300,0.120792,,1.00e-04,0.4836
209400,0.106136,,1.00e-04,0.5833
209500,0.113055,,1.00e-04,0.4580
209600,0.142146,,1.00e-04,0.3751
209700,0.142638,,1.00e-04,0.4839
209800,0.121486,,1.00e-04,0.3955
209900,0.135471,,1.00e-04,0.4997
210000,0.130190,,1.00e-04,0.5187
210000,,0.144614,,
210100,0.137408,,1.00e-04,0.4120
210200,0.099675,,1.00e-04,0.5420
210300,0.111753,,1.00e-04,0.5086
210400,0.115749,,1.00e-04,0.4505
210500,0.101109,,1.00e-04,0.6149
210600,0.132139,,1.00e-04,0.5638
210700,0.084612,,1.00e-04,0.5086
210800,0.147061,,1.00e-04,0.4113
210900,0.152928,,1.00e-04,0.4362
211000,0.120799,,1.00e-04,0.4427
211100,0.156759,,1.00e-04,0.5334
211200,0.122214,,1.00e-04,0.4357
211300,0.130659,,1.00e-04,0.4442
211400,0.129489,,1.00e-04,0.4597
211500,0.114191,,1.00e-04,0.4591
211600,0.131929,,1.00e-04,0.4391
211700,0.131230,,1.00e-04,0.6109
211800,0.103832,,1.00e-04,0.4940
211900,0.095493,,1.00e-04,0.6076
212000,0.128507,,1.00e-04,0.4054
212000,,0.137149,,
212100,0.096035,,1.00e-04,0.5942
212200,0.111671,,1.00e-04,0.4524
212300,0.082465,,1.00e-04,0.4978
212400,0.094832,,1.00e-04,0.4983
212500,0.097627,,1.00e-04,0.4451
212600,0.124246,,1.00e-04,0.4104
212700,0.131445,,1.00e-04,0.4299
212800,0.092751,,1.00e-04,0.4093
212900,0.136128,,1.00e-04,0.3968
213000,0.124511,,1.00e-04,0.4302
213100,0.116132,,1.00e-04,0.4442
213200,0.095087,,1.00e-04,0.4556
213300,0.115747,,1.00e-04,0.3928
213400,0.139854,,1.00e-04,0.4740
213500,0.126456,,1.00e-04,0.4645
213600,0.118506,,1.00e-04,0.5886
213700,0.117923,,1.00e-04,0.4738
213800,0.115993,,1.00e-04,0.5210
213900,0.112612,,1.00e-04,0.4640
214000,0.140866,,1.00e-04,0.4890
214000,,0.134770,,
214100,0.123774,,1.00e-04,0.4825
214200,0.133892,,1.00e-04,0.3551
214300,0.154317,,1.00e-04,0.4737
214400,0.091064,,1.00e-04,0.4354
214500,0.126971,,1.00e-04,0.5006
214600,0.102641,,1.00e-04,0.4719
214700,0.126686,,1.00e-04,0.3741
214800,0.102544,,1.00e-04,0.4939
214900,0.099901,,1.00e-04,0.6325
215000,0.109644,,1.00e-04,0.5468
215100,0.112471,,1.00e-04,0.4518
215200,0.105897,,1.00e-04,0.5241
215300,0.120913,,1.00e-04,0.4434
215400,0.116639,,1.00e-04,0.5858
215500,0.103517,,1.00e-04,0.4735
215600,0.095581,,1.00e-04,0.3804
215700,0.117789,,1.00e-04,0.5555
215800,0.114809,,1.00e-04,0.5033
215900,0.097309,,1.00e-04,0.6048
216000,0.114677,,1.00e-04,0.5352
216000,,0.136892,,
216100,0.087306,,1.00e-04,0.6504
216200,0.121600,,1.00e-04,0.3604
216300,0.107145,,1.00e-04,0.4520
216400,0.159017,,1.00e-04,0.3084
216500,0.119630,,1.00e-04,0.4498
216600,0.124587,,1.00e-04,0.3863
216700,0.118437,,1.00e-04,0.5074
216800,0.118615,,1.00e-04,0.4709
216900,0.104008,,1.00e-04,0.4619
217000,0.145318,,1.00e-04,0.4386
217100,0.112731,,1.00e-04,0.4883
217200,0.181500,,1.00e-04,0.4523
217300,0.167125,,1.00e-04,0.3907
217400,0.109721,,1.00e-04,0.5389
217500,0.098036,,1.00e-04,0.4075
217600,0.166666,,1.00e-04,0.4805
217700,0.100080,,1.00e-04,0.6810
217800,0.106756,,1.00e-04,0.4862
217900,0.102674,,1.00e-04,0.4894
218000,0.121979,,1.00e-04,0.4544
218000,,0.134441,,
218100,0.105908,,1.00e-04,0.4439
218200,0.087015,,1.00e-04,0.4277
218300,0.109518,,1.00e-04,0.4781
218400,0.160332,,1.00e-04,0.4490
218500,0.118845,,1.00e-04,0.4313
218600,0.128861,,1.00e-04,0.4145
218700,0.115961,,1.00e-04,0.5387
218800,0.098831,,1.00e-04,0.5131
218900,0.097581,,1.00e-04,0.4776
219000,0.085507,,1.00e-04,0.5400
219100,0.146125,,1.00e-04,0.4369
219200,0.110033,,1.00e-04,0.4091
219300,0.111001,,1.00e-04,0.4463
219400,0.163096,,1.00e-04,0.3907
219500,0.111106,,1.00e-04,0.4242
219600,0.120550,,1.00e-04,0.3964
219700,0.103012,,1.00e-04,0.5719
219800,0.101419,,1.00e-04,0.4781
219900,0.140574,,1.00e-04,0.4696
220000,0.155855,,1.00e-04,0.4294
220000,,0.142023,,
220100,0.112094,,1.00e-04,0.4911
220200,0.114068,,1.00e-04,0.4849
220300,0.107422,,1.00e-04,0.5227
220400,0.110269,,1.00e-04,0.5194
220500,0.101912,,1.00e-04,0.4235
220600,0.100298,,1.00e-04,0.5408
220700,0.087331,,1.00e-04,0.5012
220800,0.159487,,1.00e-04,0.5695
220900,0.100105,,1.00e-04,0.4141
221000,0.115393,,1.00e-04,0.5035
221100,0.103087,,1.00e-04,0.5070
221200,0.120155,,1.00e-04,0.4558
221300,0.155921,,1.00e-04,0.4074
221400,0.181349,,1.00e-04,0.4879
221500,0.071366,,1.00e-04,0.6775
221600,0.141985,,1.00e-04,0.4492
221700,0.099600,,1.00e-04,0.5269
221800,0.137407,,1.00e-04,0.4336
221900,0.132247,,1.00e-04,0.5175
222000,0.164498,,1.00e-04,0.3270
222000,,0.141174,,
222100,0.154130,,1.00e-04,0.4379
222200,0.121968,,1.00e-04,0.3717
222300,0.137959,,1.00e-04,0.4509
222400,0.106806,,1.00e-04,0.4753
222500,0.102411,,1.00e-04,0.4653
222600,0.092343,,1.00e-04,0.4687
222700,0.118073,,1.00e-04,0.3365
222800,0.100678,,1.00e-04,0.5200
222900,0.146763,,1.00e-04,0.4397
223000,0.135025,,1.00e-04,0.5052
223100,0.084802,,1.00e-04,0.4501
223200,0.130288,,1.00e-04,0.3705
223300,0.122049,,1.00e-04,0.5751
223400,0.117980,,1.00e-04,0.5043
223500,0.090968,,1.00e-04,0.5553
223600,0.104085,,1.00e-04,0.4645
223700,0.114070,,1.00e-04,0.4066
223800,0.171004,,1.00e-04,0.5156
223900,0.107687,,1.00e-04,0.4961
224000,0.145531,,1.00e-04,0.3898
224000,,0.137296,,
224100,0.147537,,1.00e-04,0.4115
224200,0.108360,,1.00e-04,0.5422
224300,0.101899,,1.00e-04,0.6041
224400,0.087715,,1.00e-04,0.5991
224500,0.117049,,1.00e-04,0.5482
224600,0.104786,,1.00e-04,0.5974
224700,0.115889,,1.00e-04,0.4136
224800,0.140764,,1.00e-04,0.3902
224900,0.097147,,1.00e-04,0.4721
225000,0.088936,,1.00e-04,0.4936
225100,0.110754,,9.96e-05,0.5538
225200,0.126794,,9.93e-05,0.4749
225300,0.152399,,9.89e-05,0.4580
225400,0.100449,,9.86e-05,0.5681
225500,0.075023,,9.82e-05,0.5680
225600,0.111785,,9.78e-05,0.4764
225700,0.102341,,9.75e-05,0.4962
225800,0.099858,,9.71e-05,0.5440
225900,0.114341,,9.68e-05,0.3545
226000,0.090311,,9.64e-05,0.5948
226000,,0.135290,,
226100,0.154451,,9.60e-05,0.3854
226200,0.136479,,9.57e-05,0.5788
226300,0.122328,,9.53e-05,0.3770
226400,0.116243,,9.50e-05,0.4770
226500,0.169934,,9.46e-05,0.4266
226600,0.129169,,9.42e-05,0.4247
226700,0.138166,,9.39e-05,0.4454
226800,0.082971,,9.35e-05,0.4234
226900,0.109147,,9.32e-05,0.5689
227000,0.120903,,9.28e-05,0.4284
227100,0.080656,,9.24e-05,0.3971
227200,0.126112,,9.21e-05,0.5294
227300,0.123254,,9.17e-05,0.3425
227400,0.117801,,9.14e-05,0.4497
227500,0.101093,,9.10e-05,0.6016
227600,0.136087,,9.06e-05,0.4020
227700,0.121472,,9.03e-05,0.4247
227800,0.143191,,8.99e-05,0.3440
227900,0.130897,,8.96e-05,0.4130
228000,0.138140,,8.92e-05,0.5822
228000,,0.144137,,
228100,0.086575,,8.88e-05,0.4999
228200,0.133056,,8.85e-05,0.3573
228300,0.130977,,8.81e-05,0.4678
228400,0.106636,,8.78e-05,0.5301
228500,0.159481,,8.74e-05,0.3359
228600,0.131377,,8.70e-05,0.3825
228700,0.111376,,8.67e-05,0.4919
228800,0.090374,,8.63e-05,0.4589
228900,0.095626,,8.60e-05,0.5165
229000,0.106672,,8.56e-05,0.4981
229100,0.108666,,8.52e-05,0.4092
229200,0.129663,,8.49e-05,0.3943
229300,0.100447,,8.45e-05,0.4139
229400,0.145082,,8.42e-05,0.4057
229500,0.118238,,8.38e-05,0.4871
229600,0.090234,,8.34e-05,0.6382
229700,0.114195,,8.31e-05,0.3598
229800,0.147182,,8.27e-05,0.3518
229900,0.112319,,8.24e-05,0.4648
230000,0.108788,,8.20e-05,0.4295
230000,,0.142042,,
230100,0.097707,,8.16e-05,0.5019
230200,0.102675,,8.13e-05,0.3815
230300,0.118229,,8.09e-05,0.3538
230400,0.090920,,8.06e-05,0.4469
230500,0.111846,,8.02e-05,0.5377
230600,0.158789,,7.98e-05,0.4233
230700,0.144823,,7.95e-05,0.4587
230800,0.103492,,7.91e-05,0.5262
230900,0.084496,,7.88e-05,0.5191
231000,0.110465,,7.84e-05,0.4424
231100,0.130212,,7.80e-05,0.4281
231200,0.129096,,7.77e-05,0.4233
231300,0.154592,,7.73e-05,0.3800
231400,0.126658,,7.70e-05,0.4449
231500,0.125164,,7.66e-05,0.5328
231600,0.127060,,7.62e-05,0.4712
231700,0.108456,,7.59e-05,0.4447
231800,0.127338,,7.55e-05,0.5071
231900,0.085604,,7.52e-05,0.4757
232000,0.087714,,7.48e-05,0.4893
232000,,0.142620,,
232100,0.154824,,7.44e-05,0.4130
232200,0.088073,,7.41e-05,0.4407
232300,0.079888,,7.37e-05,0.4983
232400,0.138262,,7.34e-05,0.5244
232500,0.098155,,7.30e-05,0.4457
232600,0.108633,,7.26e-05,0.4301
232700,0.141241,,7.23e-05,0.3494
232800,0.129094,,7.19e-05,0.4684
232900,0.092159,,7.16e-05,0.4686
233000,0.117927,,7.12e-05,0.5197
233100,0.125364,,7.08e-05,0.4040
233200,0.102250,,7.05e-05,0.4169
233300,0.094778,,7.01e-05,0.4668
233400,0.102752,,6.98e-05,0.4463
233500,0.114642,,6.94e-05,0.3594
233600,0.124979,,6.90e-05,0.3870
233700,0.083182,,6.87e-05,0.4749
233800,0.103383,,6.83e-05,0.4152
233900,0.129404,,6.80e-05,0.4322
234000,0.093029,,6.76e-05,0.4420
234000,,0.135730,,
234100,0.126851,,6.72e-05,0.4246
234200,0.131587,,6.69e-05,0.3431
234300,0.093758,,6.65e-05,0.6216
234400,0.106861,,6.62e-05,0.3941
234500,0.126798,,6.58e-05,0.4792
234600,0.159213,,6.54e-05,0.3632
234700,0.124753,,6.51e-05,0.3792
234800,0.118168,,6.47e-05,0.3933
234900,0.166282,,6.44e-05,0.3818
235000,0.107592,,6.40e-05,0.4690
235100,0.127170,,6.36e-05,0.3760
235200,0.128811,,6.33e-05,0.3740
235300,0.123503,,6.29e-05,0.4161
235400,0.116733,,6.26e-05,0.4213
235500,0.105451,,6.22e-05,0.3826
235600,0.107302,,6.18e-05,0.5299
235700,0.127253,,6.15e-05,0.4190
235800,0.106572,,6.11e-05,0.3187
235900,0.157812,,6.08e-05,0.3813
236000,0.150608,,6.04e-05,0.3228
236000,,0.134458,,
236100,0.156600,,6.00e-05,0.3962
236200,0.109084,,5.97e-05,0.3740
236300,0.076457,,5.93e-05,0.4439
236400,0.109079,,5.90e-05,0.4280
236500,0.114995,,5.86e-05,0.4927
236600,0.158402,,5.82e-05,0.3079
236700,0.087926,,5.79e-05,0.3994
236800,0.080398,,5.75e-05,0.5990
236900,0.098685,,5.72e-05,0.3759
237000,0.134351,,5.68e-05,0.3538
237100,0.092969,,5.64e-05,0.4532
237200,0.123284,,5.61e-05,0.4003
237300,0.134759,,5.57e-05,0.4167
237400,0.095519,,5.54e-05,0.3876
237500,0.100081,,5.50e-05,0.4613
237600,0.127874,,5.46e-05,0.3731
237700,0.138073,,5.43e-05,0.3422
237800,0.142424,,5.39e-05,0.3046
237900,0.096343,,5.36e-05,0.3810
238000,0.115597,,5.32e-05,0.3822
238000,,0.135417,,
238100,0.123323,,5.28e-05,0.3827
238200,0.149684,,5.25e-05,0.3626
238300,0.117458,,5.21e-05,0.3314
238400,0.095314,,5.18e-05,0.3388
238500,0.091529,,5.14e-05,0.4856
238600,0.173712,,5.10e-05,0.2835
238700,0.132726,,5.07e-05,0.3161
238800,0.117937,,5.03e-05,0.3923
238900,0.127801,,5.00e-05,0.3274
239000,0.125553,,4.96e-05,0.3792
239100,0.093105,,4.92e-05,0.4324
239200,0.112771,,4.89e-05,0.3885
239300,0.151265,,4.85e-05,0.2984
239400,0.109479,,4.82e-05,0.3967
239500,0.106537,,4.78e-05,0.5211
239600,0.106059,,4.74e-05,0.3198
239700,0.114867,,4.71e-05,0.3858
239800,0.128065,,4.67e-05,0.3633
239900,0.138820,,4.64e-05,0.4268
240000,0.131600,,4.60e-05,0.3588
240000,,0.139471,,
240100,0.104106,,4.56e-05,0.3600
240200,0.123559,,4.53e-05,0.3634
240300,0.111421,,4.49e-05,0.4920
240400,0.110930,,4.46e-05,0.3681
240500,0.093805,,4.42e-05,0.4166
240600,0.100612,,4.38e-05,0.4278
240700,0.119511,,4.35e-05,0.3924
240800,0.112213,,4.31e-05,0.3752
240900,0.099287,,4.28e-05,0.3754
241000,0.097671,,4.24e-05,0.3704
241100,0.106675,,4.20e-05,0.3098
241200,0.133294,,4.17e-05,0.3013
241300,0.114299,,4.13e-05,0.3044
241400,0.129862,,4.10e-05,0.4157
241500,0.088915,,4.06e-05,0.4277
241600,0.118801,,4.02e-05,0.3704
241700,0.120244,,3.99e-05,0.3465
241800,0.118963,,3.95e-05,0.3891
241900,0.133345,,3.92e-05,0.4229
242000,0.154349,,3.88e-05,0.3707
242000,,0.135435,,
242100,0.104113,,3.84e-05,0.4627
242200,0.116283,,3.81e-05,0.3688
242300,0.127197,,3.77e-05,0.3203
242400,0.110924,,3.74e-05,0.4621
242500,0.156618,,3.70e-05,0.3055
242600,0.103566,,3.66e-05,0.3512
242700,0.093904,,3.63e-05,0.4096
242800,0.097467,,3.59e-05,0.3746
242900,0.144031,,3.56e-05,0.2675
243000,0.112216,,3.52e-05,0.3195
243100,0.079454,,3.48e-05,0.5014
243200,0.100894,,3.45e-05,0.4200
243300,0.142841,,3.41e-05,0.3163
243400,0.149071,,3.38e-05,0.2974
243500,0.098110,,3.34e-05,0.3518
243600,0.099507,,3.30e-05,0.4379
243700,0.112217,,3.27e-05,0.2784
243800,0.094399,,3.23e-05,0.4566
243900,0.116011,,3.20e-05,0.3345
244000,0.104835,,3.16e-05,0.3172
244000,,0.135723,,
244100,0.102095,,3.12e-05,0.3133
244200,0.095390,,3.09e-05,0.4031
244300,0.088088,,3.05e-05,0.3898
244400,0.105947,,3.02e-05,0.3447
244500,0.088515,,2.98e-05,0.3990
244600,0.097616,,2.94e-05,0.3603
244700,0.095616,,2.91e-05,0.3819
244800,0.081590,,2.87e-05,0.3702
244900,0.115387,,2.84e-05,0.4078
245000,0.086060,,2.80e-05,0.3651
245100,0.093292,,2.76e-05,0.3042
245200,0.090591,,2.73e-05,0.3345
245300,0.169513,,2.69e-05,0.2957
245400,0.104251,,2.66e-05,0.3793
245500,0.111880,,2.62e-05,0.3792
245600,0.136599,,2.58e-05,0.2936
245700,0.117202,,2.55e-05,0.3374
245800,0.102665,,2.51e-05,0.3562
245900,0.102381,,2.48e-05,0.3334
246000,0.130216,,2.44e-05,0.3102
246000,,0.130017,,
246100,0.106101,,2.40e-05,0.3722
246200,0.104173,,2.37e-05,0.3405
246300,0.091136,,2.33e-05,0.3246
246400,0.105568,,2.30e-05,0.3861
246500,0.123172,,2.26e-05,0.3716
246600,0.117670,,2.22e-05,0.3470
246700,0.123095,,2.19e-05,0.3238
246800,0.151993,,2.15e-05,0.3038
246900,0.121108,,2.12e-05,0.3234
247000,0.142156,,2.08e-05,0.2966
247100,0.102807,,2.04e-05,0.3477
247200,0.087562,,2.01e-05,0.3326
247300,0.148048,,1.97e-05,0.3238
247400,0.122210,,1.94e-05,0.2947
247500,0.083951,,1.90e-05,0.3465
247600,0.124183,,1.86e-05,0.2300
247700,0.096726,,1.83e-05,0.3400
247800,0.104142,,1.79e-05,0.3061
247900,0.116479,,1.76e-05,0.3913
248000,0.111511,,1.72e-05,0.3019
248000,,0.146206,,
248100,0.094405,,1.68e-05,0.3093
248200,0.074926,,1.65e-05,0.4295
248300,0.115300,,1.61e-05,0.3073
248400,0.112781,,1.58e-05,0.3211
248500,0.124971,,1.54e-05,0.2544
248600,0.101773,,1.50e-05,0.3556
248700,0.097287,,1.47e-05,0.3283
248800,0.083945,,1.43e-05,0.4091
248900,0.158272,,1.40e-05,0.3020
249000,0.094181,,1.36e-05,0.3253
249100,0.123049,,1.32e-05,0.2361
249200,0.088154,,1.29e-05,0.3096
249300,0.105888,,1.25e-05,0.2720
249400,0.124223,,1.22e-05,0.3129
249500,0.115929,,1.18e-05,0.3009
249600,0.066964,,1.14e-05,0.3229
249700,0.122776,,1.11e-05,0.2895
249800,0.127037,,1.07e-05,0.2605
249900,0.104931,,1.04e-05,0.2682
250000,,0.134495,,
